"id","site","job_url","job_url_direct","title","company","location","date_posted","job_type","salary_source","interval","min_amount","max_amount","currency","is_remote","job_level","job_function","listing_type","emails","description","company_industry","company_url","company_logo","company_url_direct","company_addresses","company_num_employees","company_revenue","company_description","search_term","search_location"
"gd-1009661676165","glassdoor","https://www.glassdoor.fr/job-listing/j?jl=1009661676165","","Chef de projet MOE H/F","Experts-BTP","Reims","2025-03-05","","direct_data","yearly",40000.0,55000.0,"EUR",False,"","","sponsored","","**À propos du poste**  
Nous recherchons un chef de projet ou une cheffe de projet MOE pour rejoindre notre équipe dynamique. Vous serez en charge de la gestion et de la coordination des projets techniques, en veillant à respecter les délais, les budgets et les exigences de qualité. Ce poste est une excellente opportunité pour les professionnel(le)s souhaitant évoluer dans un environnement stimulant et innovant.

**Responsabilités**

* Piloter l’ensemble des phases des projets, de l’étude à la réalisation
* Coordonner les équipes internes et externes impliquées dans le projet
* Élaborer et suivre le planning des projets en s’assurant du respect des délais
* Gérer le budget alloué aux projets et assurer le reporting financier
* Analyser les risques potentiels et mettre en place des actions préventives
* Assurer la communication avec les parties prenantes tout au long du projet
* Rédiger des documents techniques et des rapports d’avancement

**Profil recherché**  
Vous êtes fait(e) pour ce poste si :

* Vous disposez d’une expérience significative en gestion de projets MOE
* Vous avez une bonne connaissance des outils de gestion de projet
* Vous êtes reconnu(e) pour votre sens de l’organisation et votre rigueur
* Vous possédez d’excellentes compétences en communication et en leadership
* Vous êtes capable de travailler sous pression tout en respectant les priorités

Rejoignez notre équipe pour contribuer à des projets passionnants et relever de nouveaux défis !

maxim@experts\\-btp.fr  
06 20 81 57 37  
https://experts\\-btp.fr/

Type d'emploi : CDI  
Statut : Cadre

Rémunération : 40 000,00€ à 55 000,00€ par an

Lieu du poste : En présentiel","","","","","","","","","Chef de Projet","Reims, france"
"gd-1009438176081","glassdoor","https://www.glassdoor.fr/job-listing/j?jl=1009438176081","","Chef/fe de Projet au Bloc Opératoire - h/f","Saint-Luc Recrutement Médical","","2025-03-05","","","","","","",True,"","","sponsored","","***Description du poste***
--------------------------


**Poste : Chef/fe de Projet au Bloc Opératoire (H/F)**  

**Contrat** : CDI, Temps plein

### **Nous recrutons un(e) Chef(fe) de Projet Bloc Opératoire (H/F) !**

Vous êtes passionné(e) par l’univers du bloc opératoire et souhaitez relever un nouveau défi ? Nous recherchons, pour le compte de notre client, un(e) **Chef(fe) de Projet Bloc Opératoire** prêt(e) à mettre son expertise et son dynamisme au service d’un projet d’envergure.

### **Pourquoi ce poste est unique ?**


Ce poste est unique par son envergure et son impact : au cœur d’une clinique d’excellence, le/la Chef(fe) de bloc joue un rôle clé dans l’organisation et la qualité des soins. Avec une équipe de 50 paramédicaux et plus de 20 praticiens sous sa responsabilité, il/elle assure le bon fonctionnement d’un bloc opératoire de pointe, au service de nombreuses spécialités chirurgicales. Rattaché(e) directement à la direction, il/elle bénéficie d’une autonomie stratégique, tout en contribuant activement à l’amélioration continue des pratiques et du bien\\-être des équipes. Une opportunité rare pour allier expertise médicale, management et engagement humain.

**Missions principales :**

* Organisation et pilotage du bloc opératoire en fonction des objectifs de la direction.
* Encadrement des équipes et gestion des ressources matérielles.
* Planification et arbitrage du programme opératoire.
* Analyse des dysfonctionnements et mise en place d’améliorations.
* Gestion des effectifs et du matériel en adéquation avec l’activité.
* Développement de démarches d’amélioration continue en matière de qualité et de sécurité.
* Négociation avec les fournisseurs.
* Animation du conseil de bloc et suivi d’indicateurs de performance.
* Participation aux projets de développement et au Comité de Direction.

### **Conditions de travail :**

* **Rémunération** selon profil et expérience (reprise d'ancienneté selon la convention collective FHP)
* **Statut Cadre**
* **RTT**
* **Formations** internes et externes
* **Primes** d'intéressement et de participation
* **Mutuelle, prévoyance**, et avantages **CSE**

### **Profil recherché :**


Que vous soyez titulaire d’un diplôme d’IBODE, infirmier(ère) de bloc opératoire ou cadre de santé, vous aspirez à évoluer dans votre carrière ou possédez déjà une expérience en tant que chef de bloc. Cette opportunité est faite pour vous !


Qualités requises : rigueur, pédagogie, diplomatie, autorité, et organisation.


Capacité à prendre des décisions rapides et efficaces.


Aptitude au travail en équipe.

**Référence d'annonce : 2404091216**


  
* avantages **CSE**

### **Profil recherché :**


Que vous soyez titulaire d’un diplôme d’IBODE, infirmier(ère) de bloc opératoire ou cadre de santé, vous aspirez à évoluer dans votre carrière ou possédez déjà une expérience en tant que chef de bloc. Cette opportunité est faite pour vous !


Qualités requises : rigueur, pédagogie, diplomatie, autorité, et organisation.


Capacité à prendre des décisions rapides et efficaces.


Aptitude au travail en équipe.

**Référence d'annonce : 2404091216**


### **Partager l’annonce à un ami :**


Sorry, we have no imagery here.


Sorry, we have no imagery here.


Sorry, we have no imagery here.


Sorry, we have no imagery here.


***Je postule à cette annonce***
--------------------------------


**POSTULER**


### **Ces annonces peuvent vous intéresser :**


* Second(e) de Bloc Opératoire \\- h/f \\- Val d'Oise (95\\)

Voir toutes les annonces en **Chef de Bloc**


***Avantages***
---------------


### **Cadre**


Cadre de vie paisible, avec des services de proximité, des écoles, et des activités culturelles
La région est riche en sites historiques
### **Accessibilité**


L'Aisne bénéficie d'une bonne connexion avec les grandes villes grâce à ses axes routiers et ferroviaires, permettant d'accéder facilement à Paris et à d'autres grandes villes des Hauts\\-de\\-France.","","https://www.glassdoor.fr/Overview/W-EI_IE2591937.htm","https://media.glassdoor.com/sql/2591937/saint-luc-recrutement-médical-squarelogo-1629719238552.png","","","","","","Chef de Projet","Reims, france"
"gd-1009661544702","glassdoor","https://www.glassdoor.fr/job-listing/j?jl=1009661544702","","Senior Project Manager | WinTech","Ruby Labs","","2025-03-05","","","","","","",True,"","","organic","","**About us**
============


At WinTech, we are at the forefront of innovation, crafting cutting\\-edge consumer products that shape the future. Our diverse portfolio spans the health, education, and entertainment sectors, offering exciting opportunities to make a real impact. Our dynamic teams are the driving force behind our success, and we’re always on the lookout for passionate individuals eager to join us on this journey of transformation.

**About the role**
==================


We are seeking an experienced Project Manager to lead multiple projects in our rapidly expanding portfolio. The role combines project management (80%) with product ownership elements (20%), requiring both strong organizational skills and an eye for UI/UX best practices.


By Q2 2025, you'll be managing two active projects, taking full end\\-to\\-end ownership from conception to delivery. Your primary focus will be on efficient project execution and team management, while maintaining oversight of product quality and user experience. You'll need to understand UI/UX principles and component\\-based design systems to ensure the delivery of high\\-quality, user\\-centric products.


We operate in a results\\-oriented environment where outcomes matter more than hours invested. Our ideal candidate takes full ownership and responsibility for the work, achieves measurable results, and is driven by excellence rather than timesheets.

**Key Responsibilities**
========================

### **Team Leadership \\& Process Management**

* Build and optimize development teams
* Establish efficient project management processes
* Resolve issues independently
* Foster a culture of high performance and continuous improvement

### **Product Development**

* Create and manage detailed Jira tasks
* Manage sprints and team KPIs
* Lead cross\\-functional teams through development cycles
* Run Agile ceremonies
* Ensure rapid, quality execution
* Review and maintain UI/UX consistency

### **Strategic Planning**

* Maintain 2\\+ week planning horizon
* Set clear priorities and objectives
* Lead team planning sessions
* Document upcoming work
* Identify and address potential blockers
* Apply learnings across products

**Qualifications**
==================

### **Must\\-Have Hard Skills**

* Proven track record of building and scaling teams from scratch
* Experience in establishing and optimizing development processes
* Strong understanding of UI/UX principles and best practices
* Familiarity with component\\-based design systems
* Strong problem\\-solving abilities with evidence of independent decision\\-making
* Proficiency in Agile methodologies
* Strong analytical capabilities

### **Must\\-Have Soft Skills**

* **Results\\-driven mindset**
* Exceptional leadership and problem\\-solving abilities
* Strong decision\\-making capabilities
* Excellent communication and organisational skills
* Ability to work autonomously
* Adaptability in fast\\-paced environments

**Nice to have**
================

* Experience with subscription\\-based business model.
* Experience in ed\\-tech or cognitive training industries
* Experience with multiple product launches

**Location**
============


WinTech operates within the CET (Central European Time) zone. Applicants from any country are welcome to apply for the position as long as they are located within approximately ± 4 hours of CET. This ensures optimal collaboration and communication during working hours.

**Benefits**
============


Discover the perks of being part of our vibrant team! We offer:

* **Remote Work Environment:** Embrace the freedom to work from anywhere, anytime, promoting a healthy work\\-life balance.
* **Unlimited PTO:** Enjoy unlimited paid time off to recharge and prioritize your well\\-being, without counting days.
* **Paid National Holidays:** Celebrate and relax on national holidays with paid time off to unwind and recharge.
* **Company\\-provided MacBook:** Experience seamless productivity with top\\-notch Apple MacBooks provided to all employees who need them.
* **Flexible Independent Contractor Agreement:** Unlock the benefits of flexibility, autonomy, and entrepreneurial opportunities. Benefit from tax advantages, networking opportunities, reduced employment obligations, and the freedom to work from anywhere. Read more about it here: https://docs.google.com/document/d/1dHF4ctKlez75whdn\\-ybUwP5d5Wr0BdwVrorrm\\_fM40Q/preview

Be part of our fast\\-growing team and seize this excellent opportunity for personal and professional growth!

**Interview Process**
=====================


After submitting your application, we conduct a thorough review which typically takes 3 to 5 days, but may occasionally take longer due to the volume of applications received. If we see a potential fit, we proceed with the following steps:

* Recruiter Screening (40 minutes)
* Final Interview (60 minutes)

**Life at WinTech**
===================


At WinTech, you'll join a supportive and collaborative team passionate about excellence and being industry leaders. Our innovative work environment drives impactful business results as we challenge ourselves and elevate each other to achieve new heights.


All qualified applicants will receive consideration for employment without regard to sex, gender identity, sexual orientation, race, color, religion, national origin, disability, protected Veteran status, age, or any other characteristic protected by law.


\\#Li\\-Remote","","https://www.glassdoor.fr/Overview/W-EI_IE10043058.htm","","","","","","","Chef de Projet","Reims, france"
"gd-1009659943374","glassdoor","https://www.glassdoor.fr/job-listing/j?jl=1009659943374","","Ingénieur avant-vente et chef de projet cloud - h/f","HEXANET","Reims","2025-03-04","","","","","","",False,"","","organic","","**Description entreprise :**
============================


Crée il y a 25 ans, HEXANET est le partenaire de croissance des entreprises et des DSI au service de leur développement digital.


Nos domaines d’expertise : les Télécoms – Les communications unifiées – la sécurité – le Cloud – l’infogérance – l’intégration.


Société en forte croissance, HEXANET compte aujourd’hui 170 coéquipiers et est devenu un opérateur cloud référent en France.


Notre mission ? Accompagner dans une relation durable les entreprises pour accélérer et sécuriser leur développement IT.


Nous disposons d’agences de proximité à Paris, Reims, Le Mans, Angers, Lyon, Grenoble et Toulouse !


Nous sommes à la recherche de talents qui partagent les valeurs d’esprit d’équipe, de qualité de relation, de volonté de progresser et de satisfaction clients qui sont les nôtres depuis l’origine.


Vous souhaitez intégrer des équipes dynamiques et à l’écoute, une communauté motivée par les challenges et un environnement propice à la montée en compétences ? Rejoignez la Team HEXANET


**Description du poste :**
==========================


**VOS MISSIONS AU QUOTIDIEN :**

Rattaché au responsable de l’équipe avant\\-vente, vous apportez votre expertise au pôle éditeurs et groupe ainsi qu’à l’équipe commerciale afin d’élaborer une solution technique et financière qui correspond aux souhaits du client.


Vous travaillerez en priorité pour nos clients éditeurs de logiciel, et pourrez les accompagner notamment les thématiques de conteneurisation, démarche et outils DevOps, automatisation, cloud, cybersécurité, interconnexion.


Dans ce cadre, vous pourrez :

* **Travailler en étroite collaboration avec l’équipe commerciale et en priorité notre pôle dédié aux éditeurs de logiciel (ISV) :**
	+ Les accompagner pour les présentations de nos solutions ;
	+ Participer à l’élaboration des propositions commerciales ;
	+ Défendre les propositions et participer activement aux soutenances.
* **Concevoir les techniques :**
	+ Analyser l’environnement stratégique et les métiers de nos clients ;
	+ Détecter et analyser les problématiques spécifiques liées à leurs systèmes d’informations ;
	+ Conseillez nos clients dans leurs choix ;
	+ Définissez l’offre de service qui accompagne nos solutions techniques ;
	+ Rédigez l’offre correspondante incluant la description et la valorisation de la solution, les conditions de mise en œuvre et l’évaluation financière ;
	+ Assurer la mise en œuvre et la gestion opérationnelle des contrats ;
	+ Suivre le bon déroulement des projets et le respect des engagements pris vis\\-à\\-vis des clients ;
	+ Participer à l’évolution et à l’amélioration continue du service.
* **Coordonner les projets jusqu’à leurs livraisons :**
* + Concentrer les moyens pour un projet, en respectant les coûts, les délais et la qualité
	+ Gérer le projet de bout en bout, de l’étude à la mise en service
	+ Assurer le bon passage des informations entre toutes les parties (différentes équipe interne, clientes
	+ Rendre compte des activités liés au projet
	+ Assurer la bonne tenue de la plannification
	+ Veiller au bon passage de relai vers les équipes d’exploitation et les service delivrey manager
* **Participer au développement de nos offres :**
	+ En apportant votre expertise sur le développement de nouvelles offres ou sur l’amélioration de l’existant ;
	+ Assurer une veille sur les évolutions du marché : usages, technologies, concurrence ;
	+ Participer à des évènements susceptibles d’enrichir votre connaissance du marché ;
	+ Porter nos offres auprès du marché.


**Profil recherché :**
======================


**LE PROFIL RECHERCHÉ**

  

* Curieux et envieux d’apprendre
* Capacité à suivre un dossier de la qualification à son recettage
* Être expert sur la partie DevOps et Cloud
* Au moins une expérience significative dans l’IT
* Un interlocuteur à l’aise en clientèle
* Détecter / qualifier un besoin
* Capacité à convaincre
* Rigueur administrative
* Bon communiquant
* Être à l’écoute / emphatique
* Agilité autour d’un contexte qui peut évoluer rapidement
* Doit être un facilitateur des interactions à l’entreprise

**Avantages :**
===============

  

Le salaire brut annuel est à négocier, avec un package intéressement/participation, RTT, mutuelle famille, tickets restaurant, chèques vacances. Nous avons également la possibilité de faire 2 journées de télétravail par semaine.
  

  

Intégrer Hexanet, c’est rejoindre une société où l’enchantement collaborateurs fait partie intégrante de ses valeurs. 72 % des collaborateurs considèrent qu’Hexanet est une entreprise où il fait vraiment bon travailler (Enquête Great Place to Work 2023\\).
  

  

Et pour ça, nous proposons à nos collaborateurs des évolutions\\-mobilité internes, des formations certifiantes. Nous organisons chaque année un évènement team building et des moments entre équipe (barbecues, des petits dej’, des apéros, des tournois de baby…).","","https://www.glassdoor.fr/Overview/W-EI_IE1312641.htm","https://media.glassdoor.com/sql/1312641/hexanet-squarelogo-1633007362490.png","","","","","","Chef de Projet","Reims, france"
"gd-1009660098694","glassdoor","https://www.glassdoor.fr/job-listing/j?jl=1009660098694","","Project Manager with Product Owner Skills | WinTech","Ruby Labs","","2025-03-04","","","","","","",True,"","","organic","","**About us**
============


At WinTech, we are at the forefront of innovation, crafting cutting\\-edge consumer products that shape the future. Our diverse portfolio spans the health, education, and entertainment sectors, offering exciting opportunities to make a real impact. Our dynamic teams are the driving force behind our success, and we’re always on the lookout for passionate individuals eager to join us on this journey of transformation.

**About the role**
==================


We are seeking an experienced Project Manager to lead multiple projects in our rapidly expanding portfolio. The role combines project management (80%) with product ownership elements (20%), requiring both strong organizational skills and an eye for UI/UX best practices.


By Q2 2025, you'll be managing two active projects, taking full end\\-to\\-end ownership from conception to delivery. Your primary focus will be on efficient project execution and team management, while maintaining oversight of product quality and user experience. You'll need to understand UI/UX principles and component\\-based design systems to ensure the delivery of high\\-quality, user\\-centric products.


We operate in a results\\-oriented environment where outcomes matter more than hours invested. Our ideal candidate takes full ownership and responsibility for the work, achieves measurable results, and is driven by excellence rather than timesheets.

**Key Responsibilities**
========================

### **Team Leadership \\& Process Management**

* Build and optimize development teams
* Establish efficient project management processes
* Resolve issues independently
* Foster a culture of high performance and continuous improvement

### **Product Development**

* Create and manage detailed Jira tasks
* Manage sprints and team KPIs
* Lead cross\\-functional teams through development cycles
* Run Agile ceremonies
* Ensure rapid, quality execution
* Review and maintain UI/UX consistency

### **Strategic Planning**

* Maintain 2\\+ week planning horizon
* Set clear priorities and objectives
* Lead team planning sessions
* Document upcoming work
* Identify and address potential blockers
* Apply learnings across products

**Qualifications**
==================

### **Must\\-Have Hard Skills**

* Proven track record of building and scaling teams from scratch
* Experience in establishing and optimizing development processes
* Strong understanding of UI/UX principles and best practices
* Familiarity with component\\-based design systems
* Strong problem\\-solving abilities with evidence of independent decision\\-making
* Proficiency in Agile methodologies
* Strong analytical capabilities

### **Must\\-Have Soft Skills**

* **Results\\-driven mindset**
* Exceptional leadership and problem\\-solving abilities
* Strong decision\\-making capabilities
* Excellent communication and organisational skills
* Ability to work autonomously
* Adaptability in fast\\-paced environments

**Nice to have**
================

* Experience with subscription\\-based business model.
* Experience in ed\\-tech or cognitive training industries
* Experience with multiple product launches

**Location**
============


WinTech operates within the CET (Central European Time) zone. Applicants from any country are welcome to apply for the position as long as they are located within approximately ± 4 hours of CET. This ensures optimal collaboration and communication during working hours.

**Benefits**
============


Discover the perks of being part of our vibrant team! We offer:

* **Remote Work Environment:** Embrace the freedom to work from anywhere, anytime, promoting a healthy work\\-life balance.
* **Unlimited PTO:** Enjoy unlimited paid time off to recharge and prioritize your well\\-being, without counting days.
* **Paid National Holidays:** Celebrate and relax on national holidays with paid time off to unwind and recharge.
* **Company\\-provided MacBook:** Experience seamless productivity with top\\-notch Apple MacBooks provided to all employees who need them.
* **Flexible Independent Contractor Agreement:** Unlock the benefits of flexibility, autonomy, and entrepreneurial opportunities. Benefit from tax advantages, networking opportunities, reduced employment obligations, and the freedom to work from anywhere. Read more about it here: https://docs.google.com/document/d/1dHF4ctKlez75whdn\\-ybUwP5d5Wr0BdwVrorrm\\_fM40Q/preview

Be part of our fast\\-growing team and seize this excellent opportunity for personal and professional growth!

**Interview Process**
=====================


After submitting your application, we conduct a thorough review which typically takes 3 to 5 days, but may occasionally take longer due to the volume of applications received. If we see a potential fit, we proceed with the following steps:

* Recruiter Screening (40 minutes)
* Final Interview (60 minutes)

**Life at WinTech**
===================


At WinTech, you'll join a supportive and collaborative team passionate about excellence and being industry leaders. Our innovative work environment drives impactful business results as we challenge ourselves and elevate each other to achieve new heights.


All qualified applicants will receive consideration for employment without regard to sex, gender identity, sexual orientation, race, color, religion, national origin, disability, protected Veteran status, age, or any other characteristic protected by law.


\\#Li\\-Remote","","https://www.glassdoor.fr/Overview/W-EI_IE10043058.htm","","","","","","","Chef de Projet","Reims, france"
"gd-1009659401231","glassdoor","https://www.glassdoor.fr/job-listing/j?jl=1009659401231","","Project Manager (Fintech)","Social Discovery Group","","2025-03-04","","","","","","",True,"","","organic","","**(https://socialdiscoverygroup.com/about\\-us/)** (https://socialdiscoverygroup.com/about\\-us)


**Social Discovery Group** (https://socialdiscoverygroup.com/about\\-us) (SDG) is the 3rd largest social discovery company in the world, uniting 60\\+ brands with 500 million users. We solve the problems of loneliness, isolation, and disconnection by transforming virtual intimacy into the new normal. Our portfolio includes online communication platforms focusing on AI, game mechanics, and video streaming \\- Dating.com, DateMyAge, Cupid Media, Dil Mil, Kiseki, and others.


**SDG invests in IT startups around the world.** Our investments include Open AI, Patreon, Flo, Clubhouse, Woebot, Flure, Astry, Coursera, Academia.edu, and many others.


We bring together a team of like\\-minded people and IT professionals specializing in the creation and development of globally impactful social discovery products. Our international team of 1200 professionals and digital nomads works all over the world.


**Our teams of digital nomads** work remotely from **Cyprus, Malta, the USA, Armenia, Georgia, Kazakhstan, Montenegro, Poland, Latvia, Serbia, Spain, Portugal, UAE, Israel, Turkey, Thailand, Indonesia, Japan, Hong Kong, Australia and many other locations.**


In August 2024, we achieved **Great Place to Work US Certification™!** This achievement reflects our core belief that a truly exceptional workplace is built on trust, pride, and camaraderie—not just great perks.


We are looking for a Project Manager for our FinTech department that is focusion on development payment solutions for the company's products, implementing modern payment methods.


**Your main tasks will be:**


* Prioritization and planning of development tasks
* Writing functional requirements for development
* Communicating with internal teams regarding improvements
* Organizing interactions with external providers' technical teams for testing and integration
* Configuring and managing payment methods and traffic
* Detecting anomalies and organizing fixes
* Incident management

**We expect from you:**


* Strategic \\& Critical Thinking
* Communication \\& Negotiation
* Problem\\-Solving \\& Decision\\-Making
* Adaptability \\& Stress Resistance
* Time Management \\& Prioritization

**What do we offer:**

  

* **REMOTE OPPORTUNITY** to work full time;
* **Vacation** 28 calendar days per year;
* **7 wellness days per year** (time off) that can be used to deal with household issues, to lie down and recover without taking sick leave;
* **Bonuses up to $5000** for recommending successful applicants for positions in the company;
* Full payment for **professional training, international conferences and meetings;**
* Corporate discount for **English lessons;**
* **Health benefits.** According to the paychecks, if you are not eligible for corporate medical insurance, the company will compensate you with up to $ 1,000 gross per year per employee. This can be spent on self\\-purchase of health insurance or on doctor's fees for yourself and close relatives (spouse, children);
* **Workplace organization.** The company provides all employees with an equipped workplace and all the necessary equipment (table, armchair, wifi, etc.) in our offices or co\\-working locations. In the other locations, the company provides reimbursement of workplace costs up to $ 1000 gross once every 3 years, according to the paychecks. This money can be spent on the rent of the co\\-working room, on equipping the working place at home (desk, chair, Internet, etc.) during those 3 years;
* **Internal gamified gratitude system:** receive bonuses from colleagues and exchange them for time off, merch, team building activities, massage certificates, etc.


**Sounds good? Join us now!**","","https://www.glassdoor.fr/Overview/W-EI_IE1482223.htm","https://media.glassdoor.com/sql/1482223/social-discovery-ventures-squareLogo-1651224060820.png","","","","","","Chef de Projet","Reims, france"
"gd-1009655769611","glassdoor","https://www.glassdoor.fr/job-listing/j?jl=1009655769611","","CHEF DE PROJET IT - H/F","VIVESCIA","Reims","2025-03-01","","","","","","",False,"","","organic","","VIVESCIA est un Groupe coopératif agricole et agroalimentaire de dimension internationale avec 3,8 milliards d'euros de chiffre d'affaires au 30 juin 2022 et 6 700 collaborateurs, répartis sur 24 pays. Spécialisé dans la culture et la valorisation des céréales, VIVESCIA appartient à 10 000 agriculteurs\\-entrepreneurs du Nord\\-Est de la France.


VIVESCIA s'attache à prendre soin du grain, du champ à l'assiette. 3,6 millions de tonnes de céréales sont collectées chaque année par la Coopérative et ses filiales agricoles. 2 milliards de viennoiseries sont fabriquées par notre Groupe et 1 bière sur 10 dans le monde est produite avec notre malt.


Notre farine Francine est présente dans la cuisine d'un foyer français sur trois. Chaque jour, des milliers de consommateurs partagent des pauses salées, sucrées, gourmandes, en France avec les boulangers artisans Campaillette, et dans le monde grâce aux 250 restaurants de notre marque Délifrance.

  

  

**Poste:**
----------

Afin d'anticiper la création de nouveaux projets d'envergures visant à moderniser son système d'information, VIVESCIA Coopérative et ses filiales agricoles recherche un Chef de projet au sein de sa DSI.


Vous intégrez une équipe pluridisciplinaire bienveillante et à taille humaine intervenant sur un spectre varié d'applications et d'environnements, couvrant l'ensemble des métiers de l'entreprise.

  

Rattaché au PMO de la DSI de VIVESCIA, vos principales missions seront :

* Accompagner l'équipe projet (métier et SI) dans la rédaction des cahiers des charges en collectant les besoins.

  

* Spécifier, organiser et planifier la mise en œuvre d’un projet ou d’un ensemble de projets, depuis la phase de cadrage jusqu’à la stabilisation en s’appuyant sur des ressources internes ou externes.

  

* Créer, suivre et adapter le planning et en accompagnant les équipes dans la bonne tenue de celui\\-ci.

  

* Anticipez les alertes sur les dysfonctionnements et les difficultés pouvant compromettre la bonne tenue du projet.

  

* Piloter les projets en lien avec la politique générale afin d’atteindre les objectifs globaux.

  

* Accompagner l’équipe pluridisciplinaire, coordonner ses activités autour du projet et être l’interface entre les contributeurs pour la réalisation de ce dernier.

  

* Produire le reporting, organiser les comités de suivi et de pilotage, rédiger les comptes rendus associés tout en évaluant les risques (Coût, qualité, délai, ressource, …) et en identifiant les solutions aux problèmes possibles.

  

* Faciliter la communication entre les différentes parties prenantes des projets et favoriser la collaboration entre les équipes.

  

* Participer à faire grandir la culture projet au sein de la coopérative en étant le garant des outils et de la méthodologie utilisée dans l'entreprise en matière de gestion de projet.

**Profil:**
-----------

Vous êtes titulaire d’un Bac \\+5 dans l’informatique ou l’ingénierie et vous présentez une expérience de 5 ans en gestion de projet dans le domaine de l'industrie ou de l'informatique. Une connaissance de l’industrie agro\\-alimentaire est un plus.

  

Vous souhaitez vous investir dans un emploi riche et essentiel pour notre entreprise. Véritable chef d'orchestre vous êtes capable de fédérer une équipe projet autour d'un but commun. Vous présentez un excellent niveau de reporting opérationnel et possédez une culture informatique incluant une bonne maîtrise de l’ensemble du système d’information et du cycle de vie des applications.

  

Cet emploi requiert à la fois des compétences techniques, règlementaires et relationnelles pour accompagner les équipes dans l’aboutissement des projets dont vous aurez la responsabilité. Vous êtes une personne organisée, rigoureuse, impliquée et autonome, dotée d’un esprit d’équipe, d'une grande capacité d'expression, tant à l'oral qu'à l'écrit, et du sens du résultat.

  

Une maîtrise avancée de l'anglais professionnel est requise pour ce poste.


Par votre expérience professionnelle, vous avez acquis une expertise en gestion de projets variés, des méthodes et une aisance dans l'utilisation des outils de gestion de projet (exemple : Sciforma, Azure DevOps, MS Project, Squash TM, ...)

**Autres informations:**
------------------------

* Poste basé à Reims (51\\) \\-quelques déplacements à prévoir
* Mutuelle d'entreprise
* 13ème mois
* Intéressement/Participation
* Télétravail
* Compte Epargne Temps
* Dispositifs Action Logement (salarié du secteur agricole)
* Rémunération selon profil","","https://www.glassdoor.fr/Overview/W-EI_IE845675.htm","https://media.glassdoor.com/sql/845675/vivescia-squarelogo-1407776226776.png","","","","","","Chef de Projet","Reims, france"
"gd-1009653759857","glassdoor","https://www.glassdoor.fr/job-listing/j?jl=1009653759857","","Chef de Projet Senior - Grand Est H/F","Worldwide Energy","Reims","2025-02-28","","","","","","",False,"","","organic","","### **À propos de nous**


Producteur d'électricité solaire en Europe, Notre client est un pionnier international des énergies renouvelables. L'entreprise est aujourd'hui un des premiers producteurs d'énergie photovoltaïque en Europe, avec plus de 3000 MW de puissance installée en exploitation et plus de 400 collaborateurs. Nos équipes assurent le développement, le financement, l'installation ainsi que l'exploitation durant toute la durée de vie des projets. Notre client, c'est aussi de fortes valeurs humaines, des méthodes agiles et collaboratives dans un univers multiculturel avec des équipes passionnées et engagées dans la transition énergétique et écologique.  

Nous recherchons un profil agile, enthousiaste, créatif, ouvert à de nouveaux défis et qui se réjouit de travailler dans un environnement international et multiculturel.  

Nous proposons un package attractif ainsi qu'un cadre de travail dans des conditions optimales, avec des bureaux modernes disposant d'espaces de détente et des salles de réunions pour favoriser le bien\\-être et la créativité.
### **Mission**



Votre rôle :

* Développement et suivi de projets agrivoltaïques
* Analyses de marché et d’opportunités de projets en France et particulièrement dans le Sud\\-Ouest du pays
* Identification de terrains avec des outils de cartographie SIG, évaluation et gestion d’opportunités
* Visites de sites et sécurisation foncière auprès de propriétaires de terrains
* Sélection de bureaux d’études et suivi d’études (études environnementales, agricoles, techniques etc.)
* Présentation des projets auprès des autorités locales et parties prenantes du projet
* Mettre en place des relations de confiance avec les acteurs locaux
* Participer et assister à des conférences et salons
* Être force de proposition et de créativité pour développer durablement les activités en France


### **Profil**



Vos compétences :


Nous recherchons un profil ayant une expérience professionnelle en développement/ prospection de projets PV, ou ayant une expérience en projets d'aménagement du territoire. Les compétences et qualités recherchées sont les suivantes :

* BAC\\+5, Diplôme d’Ingénieur, de Commerce, d’Urbanisme, d’Environnement
* Responsable, polyvalent et capable de travailler de manière autonome
* Sensibilité aux enjeux socio\\-environnementaux et au développement durable
* Très bonne pratique des outils MS Office
* Aptitude à voyager et à se déplacer fréquemment, permis B nécessaire
* Qualités relationnelles, de communication et aptitude de travailler en équipe
* Français langue maternelle, niveau professionnel en anglais et/ou allemand est un plus
* La connaissance des outils de géo traitement (ArcGis ou QGis) est un plus","","https://www.glassdoor.fr/Overview/W-EI_IE920296.htm","","","","","","","Chef de Projet","Reims, france"
"gd-1009154109738","glassdoor","https://www.glassdoor.fr/job-listing/j?jl=1009154109738","","Chef de projet - ENR","Innergex","France","2025-02-27","","","","","","",False,"","","sponsored","","**Pourquoi rejoindre notre équipe ?**

Innergex énergie renouvelable inc. est un producteur indépendant d'énergie renouvelable qui gère un important portefeuille d’actifs au Canada, aux États\\-Unis, en France et au Chili. La Société développe, acquiert, détient et exploite des centrales hydroélectriques, parcs éoliens, des parcs solaires et des installations de stockage d’énergie.


Innergex croit en un monde dans lequel de l’énergie renouvelable abondante favorise des communautés plus saines et encourage le partage de la prospérité depuis plus de 30 ans. Nous sommes convaincus que la production d’énergie à partir de sources renouvelables ouvrira la voie à un monde meilleur. Nous avons toujours à cœur de soutenir une croissance durable qui crée un rapport équilibré entre les personnes, notre planète et la prospérité. Nous croyons en la nécessité de proposer un environnement de travail motivant, inclusif et positif dans lequel chaque membre de l’équipe peut s’épanouir.


**Votre contribution**

Le ou la Chef·fe de projets est responsable en tous points des projets dont il ou elle a la charge. Il ou elle est autonome et s’appuie sur les outils internes et des référents sur chacune des disciplines abordées (contrats, études techniques et processus, modélisation financière).


**Votre quotidien !**

* Piloter et coordonner la réalisation et l’obtention des demandes d’autorisations administratives ;
* En lien avec notre équipe chargée de la Prospection, sélectionner les sites favorables au développement et à l’implantation d’un projet éolien ou solaire ;
* Accompagner et fédérer les acteurs locaux durant la phase de développement et d’obtention des autorisations (élu, riverain, association, propriétaire/exploitant, collectivité, administration…) ;
* Organiser et conduire les processus de concertation/communication (avec l’appui de ressources internes/externes) ;
* Sélectionner, coordonner et piloter des prestataires externes (études techniques et environnementales : vent, acoustique, paysage, raccordement, faune/flore/ habitat…) ;
* Piloter l’ensemble des études techniques et réglementaires accompagnant les demandes d’autorisation ;
* Monter, valider et déposer des dossiers de demande d’autorisation ;
* Faire le suivi d’instructions ;
* Après obtention des autorisations, contribuer aux constats d'affichage, aux prises à Bail, au transfert aux équipes de financement et construction.

**Vos compétences, nos exigences !**

* Sensibilité aux enjeux de la transition énergétique et au contexte des énergies renouvelables, savoir\\-faire en matière de pilotage d'études environnementales et d'analyse règlementaires (Environnement, urbanisme...) ;
* Maîtrise des outils informatiques généralistes et métiers (SIG/QGis…) est souhaitée ;
* Maîtrise de Microsoft Office ;
* Expérience réussie d’un minimum de 3 années dans la gestion de projets ENR (PV et/ou éolien) voire équivalents ;
* Formation supérieure de type bac \\+5 ou Master 2 d’une école d’Ingénieur avec spécialisation en énergie, aménagement de territoire ou en environnement ;
* Permis B indispensable.

**Considérations complémentaires !**

Le poste peut être situé à Limoges ou à Lyon, et inclura des déplacements professionnels dans le cadre des fonctions.


**Nos avantages !**

* Véhicule de fonction, ordinateur et téléphone portable ;
* Possibilité de contribuer à la construction d'un monde meilleur ;
* Salaires compétitifs ;
* Avantages collectifs ;
* Possibilités de développement de carrière ;
* Formation continue ;
* Environnement de travail dynamique ;
* Politique de télétravail.

Innergex est un employeur qui offre des chances d’emploi égales pour tous et qui valorise les antécédents, la diversité, les expériences, les perspectives et les talents uniques de chaque personne. Innergex s’engage à fournir aux employés un environnement de travail sans discrimination ni harcèlement et fonde toutes les décisions en matière d’emploi sur les besoins de l’entreprise, les exigences de l’emploi et les qualifications individuelles. La clé de notre succès en tant qu’entreprise internationale est de recruter, de développer et de retenir les personnes les plus talentueuses parmi un bassin de candidats diversifié.


**www.innergex.com**

Veuillez noter que seules les personnes dont la candidature sera retenue seront contactées.","","https://www.glassdoor.fr/Overview/W-EI_IE19660.htm","https://media.glassdoor.com/sql/19660/innergex-renewable-energy-squareLogo-1713219420867.png","","","","","","Chef de Projet","Reims, france"
"gd-1009650378059","glassdoor","https://www.glassdoor.fr/job-listing/j?jl=1009650378059","","Chef de projet SI - H/F","Seyos","Reims","2025-02-26","","direct_data","yearly",55000.0,60000.0,"EUR",False,"","","sponsored","","**Description de l'entreprise :**



Seyos est un cabinet de recrutement spécialisé dans les métiers de l'IT, de la Tech et de l'Ingénierie. Nous intervenons au niveau national et proposons aux candidats des opportunités professionnelles au sein d'éditeurs de logiciels, DSI d'entreprises (clients finaux), startups, acteurs E\\-commerce, et de l'industrie. En 10 années d'existence, plus de 1 900 professionnels ont déjà été recrutés par l'intermédiaire de Seyos au sein de 400 entreprises.

  

**Description du poste :**



Notre client final, depuis plus de 25 ans s'est établi en tant que partenaire de croissance privilégié pour les entreprises et les DSI souhaitant prospérer dans l'ère numérique.  

Avec un CA de 45 millions d'euros, il dispose d'une expertise pointue dans les domaines des Télécoms, des communications unifiées, de la sécurité, du Cloud, de l'infogérance et de l'intégration. En constante expansion, il compte désormais 170 collaborateurs et a acquis une position de premier plan en tant qu'opérateur cloud en France.  

  

Sous la responsabilité du DSI, vous spécifiez, organisez et planifiez la mise en oeuvre d'un projet, depuis sa phase de conception, jusqu'à son déploiement en vous appuyant sur des ressources internes ou externes.  

  

Localisation : Reims (51\\).  

Télétravail : 1 à 2 jours par semaine.  

Rémunération : 55 000 \\- 60 000EUR fixe.
  

Avantages : Titres restaurants, chèques vacances, intéressement, 10 jours de RTT.  

  

Votre rôle :
  

  

Rechercher la simplicité et l'amélioration continue (réduction des coûts, amélioration de la productivité, nouvelles fonctionnalités),Elaborer les spécifications techniques générales du projet sur la base du cahier des charges,Participer à l'architecture du système d'information (cartographier les SI),Vérifier et analyser l'impact technique des futures solutions et leur cohérence avec l'architecture existante, évaluer les risques,Définir et suivre toutes les étapes des projets (initialisation, validation, Rex),Animer les projets SI avec les différents services et ressources de l'entreprise,Appliquer la politique en matière de sécurité informatique en lien avec le RSSI,S'assurer de la sécurité et la qualité tout au long du projet et proposer des axes d'amélioration,Apporter l'expertise auprès des responsables supports, métiers et partenaires externes, dans le suivi de la transversalité et de la coordination,Recueillir les besoins exprimés par les directions métiers de l'entreprise.


**Description du profil :**



PROFIL RECHERCHÉ  

  

Connaissance d'outils de gestion de projets (Ex : Ms Project),Connaissance d'un outil CRM ou ERP,Maitrise de la suite microsoft office (Word, Excel, PPT, teams),Connaissance des processus et méthodes de gestion de projet (planning, budget, indicateurs),Compréhension des métiers de l'entreprise, des besoins et des contraintes des utilisateurs,Bonnes connaissances générales informatiques : systèmes d'exploitation, normes de sécurité.","","https://www.glassdoor.fr/Overview/W-EI_IE4509760.htm","https://media.glassdoor.com/sql/4509760/seyos-squarelogo-1622717058070.png","","","","","","Chef de Projet","Reims, france"
"gd-1009650056323","glassdoor","https://www.glassdoor.fr/job-listing/j?jl=1009650056323","","Chef de Projet Carbone Amont H/F","Groupe Savencia","France","2025-02-25","","","","","","",False,"","","sponsored","","**Dans le cadre de notre politique et de notre engagement pour des approvisionnements laitiers durables, et plus particulièrement de la sécurisation et de la décarbonation de l'amont laitier, vous est êtes garant du déploiement de la démarche auprès des fournisseurs de lait et / ou au sein des équipes terrain.**


SAVENCIA Ressources Laitières, filiale de SAVENCIA Fromage \\& Dairy (un des principaux transformateurs de lait mondiaux), spécialisée dans l'achat de matières premières laitières et l'approvisionnement laitier du Groupe SAVENCIA, recherche un Chef de Projet Carbone Amont (H/F), en CDI, basé à Saint Brice en Coglès (35\\).


Dans le cadre de notre politique et de notre engagement pour des approvisionnements laitiers durables, et plus particulièrement de la sécurisation et de la décarbonation de l'amont laitier, vous est êtes garant du déploiement de la démarche auprès des fournisseurs de lait et / ou au sein des équipes terrain. En véritable Chef de Projet, vous :

* Bâtissez le plan pour atteindre les objectifs de décarbonation (budget, répartition des objectifs, calendrier), et assurez le suivi et le respect des engagements et des budgets
* Identifiez et construisez des partenariats sur les territoires


\\- Constituez, dirigez et pilotez l'équipe projet : \\- Répartition des tâches

* Fixation des objectifs et des délais
* Organisation de points réguliers avec les équipiers




* Coordonnez le cadre global de déploiement carbone Amont, en lien avec l'ensemble des parties prenantes externes et internes (Direction, Filiales, Organisations de Producteurs et Coopératives, Prestataires, ...) et supervisez l'avancement du projet
* Accompagnez l'ensemble des équipes Ressources Laitières pour atteindre les objectifs fixés (mise en place d'outils de suivi et d'indicateurs de performance, d'analyse des résultats, support, formation, identification des points bloquants, conseils, ...)
* Contribuez à la préparation des négociations avec les Organisations de Producteurs et les Coopératives, en assurant la cohérence de la politique commerciale
* Contribuez à la démarche RSE du Groupe.




* De formation supérieure Ingénieur Agri/Agro, avec une sensibilité sur les enjeux climatiques et de durabilité
* Appétence pour les systèmes d'information
* Connaissance du milieu agricole et de la production laitière
* Capacité d'analyse forte, rigueur, méthode et autonomie
* Solides compétences en gestion et animation de projet,
* Qualités relationnelles et de communication","","https://www.glassdoor.fr/Overview/W-EI_IE10341.htm","https://media.glassdoor.com/sql/10341/bongrain-squarelogo-1462858807725.png","","","","","","Chef de Projet","Reims, france"
"gd-1009646617792","glassdoor","https://www.glassdoor.fr/job-listing/j?jl=1009646617792","","Chargé de Communication et Social media (H/F) St Brice en Coglès (35)","Groupe Savencia","France","2025-02-21","","","","","","",False,"","","sponsored","","ARMOR\\* regroupe le pôle ingrédients laitiers composé de six marques appartenant au groupe Savencia. Groupe leader mondial des spécialités fromagères avec plus de 23 000 collaborateurs dans le monde et des marques à forte notoriété comme Caprice des Dieux, Tartare, Cœur de Lion, Vieux Pané.
  

  

ARMOR\\* regroupe toutes les marques segments de chaque activité qui la compose : ARMOR PROTEINES, ARMOR PHARMA, ELVOR, CHEESE INGREDIENTS…  

  

  

  



ARMOR\\* regroupe le pôle ingrédients laitiers composé de six marques appartenant au groupe Savencia. Groupe leader mondial des spécialités fromagères avec plus de 23 000 collaborateurs dans le monde et des marques à forte notoriété comme Caprice des Dieux, Tartare, Cœur de Lion, Vieux Pané.  

  

ARMOR\\* regroupe toutes les marques segments de chaque activité qui la compose : ARMOR PROTEINES, ARMOR PHARMA, ELVOR, CHEESE INGREDIENTS…

**Missions**  

  

  

  

  

Sous la responsabilité du service Marketing, vos missions seront articulées sous 2 thématiques :
  

  

**Communication digitale**  

  



* Assurer le community management d'Armor Protéines sur les réseaux sociaux : \\- Gestion du planning éditorial
* Création de visuels et rédaction des posts
* Événementialisation des temps forts
Conception et mise en place de campagnes de sponsoring  
* 
* Être un relais de qualité avec notre agence de communication Inbound : \\- Challenger les recommandations digitales
Suivre les performances de notre écosystème digital  
* 
* Participer à la refonte du site internet : \\- Rédaction de briefs
* Sélection de l'agence et suivi de projet
Développement des assets du site  
* **Communication interne et externe**
* Créer la communication des temps forts internes de l'entreprise en lien avec la RSE : \\- Actions solidaires, semaine du handicap
Participation à l'animation des événements  
* 
Développer la communication interne et externe de nos actions RSE : \\- Valorisation sur nos réseaux sociaux et dans nos échanges clients  
* 
* **Avantages**
* Profitez de différentes primes : 13ème mois, prime vacances, intéressement et participation avec possibilité de placement PEG / PERCO
* Une rémunération 3% au\\-dessus du légal
* Possibilité d'obtenir une aide en cas de double logement (250€/mois)
* Des avantages disponibles grâce au CSE
* Une cantine est disponible sur le site : notre chef cuisinier vous préparera votre déjeuner à un tarif attractif
* Pour vous aider à réussir vos examens, vous avez le droit à 5 jours de congés révision par an.
* Vous bénéficiez d'un parcours d'intégration et êtes accompagné d'un tuteur qui vous suivra tout au long de votre cursus.
* Votre carrière chez nous : des opportunités d'évolution existent et en cas de mobilité géographique, des avantages spécifiques ont été mis en place par le groupe Savencia
  

  

…le tout au sein d'une entreprise soucieuse de la santé, sécurité des conditions de travail et qui partage la vocation d'entreprendre pour bien nourrir l'Homme.

* **Profil**  

  

Vous souhaitez poursuivre vos études en alternance via une formation spécialisée en Communication (Bac\\+4/5\\). Vous avez idéalement effectué des stages en agence de communication et maitrisez les compétences suivantes :

Vous êtes à l'aise avec les outils informatiques : Pack office \\+ logiciels de type InDesign/ Photoshop / Canva.  
* 

Vous avez une affinité forte pour les thématiques RSE, Environnement, nutrition et santé.  
* 

Vous maitrisez les codes visuels et rédactionnels des réseaux sociaux.  
* 

Vous êtes très créatif pour créer des vidéos simples, de l'écriture au montage, avec un style adapté aux réseaux sociaux.  
* 

Vous avez un très bon niveau d'anglais oral et écrit (minimum B2\\).  
* 

Vous maitrisez les techniques rédactionnelles et avez une bonne orthographe.  
* 
* Vous êtes force de proposition et doté d'un bon relationnel.","","https://www.glassdoor.fr/Overview/W-EI_IE10341.htm","https://media.glassdoor.com/sql/10341/bongrain-squarelogo-1462858807725.png","","","","","","Chef de Projet","Reims, france"
"gd-1009645135217","glassdoor","https://www.glassdoor.fr/job-listing/j?jl=1009645135217","","Chef de projets H/F","Creapharm Clinical Supplies","Reims","2025-02-20","","direct_data","yearly",33000.0,35000.0,"EUR",False,"","","organic","","***N’hésitez plus ! Rejoignez le service Projets de Creapharm Clinical Supplies sur notre site de Reims !*** 

Groupe industriel de taille intermédiaire **spécialisé dans le conditionnement de médicaments en essais cliniques**, nous recrutons notre futur Chef de Projet H/F pour renforcer une équipe de 8 personnes.

**Vos principales missions seront :**

* Analyser les besoins et les exigences des clients
* Créer le devis et les modifications associées, en collaboration avec l'équipe commerciale
* Assurer la mise en place du projet en interne
* Concevoir et tenir à jour un planning de projet
* Manager les parties prenantes (acteurs du projet internes et externes)
* Assurer le pilotage du projet dans le respect de la qualité, des divers contrats, des coûts et des délais: coordination des acteurs et activités, suivi de l’avancement des tâches, surveillance des indicateurs et prise de décision en accord avec le sponsor pour, le cas échéant, aménager / modifier le projet
* Organiser et animer des réunions internes et avec le client
* Assurer la communication interne et externe relative au projet
* Récolter les retours internes et externes sur le projet dans le cadre d'une démarche d'amélioration continue
* Déclencher la facturation du projet en communiquant les éléments à la comptabilité
* Suivre et revoir le budget associé au projet en adéquation avec le devis établi

**Vous êtes ?**

* Vous justifiez d’une première expérience dans le secteur de l’industrie pharmaceutique pour la fabrication et les opérations de conditionnements (primaire et secondaire).
* La gestion de projets n’a pas de secret pour vous : connaissance des techniques de planification ; cadrage et optimisation du projet ; élaboration du calendrier du projet \\& gestion du budget
* Reconnu pour vos qualités relationnelles, de communication, transverses et de leadership
* Force de proposition et proactif, vous aimez tout particulièrement le travail d’équipe et la collaboration
* Bonne compréhension, expression et rédaction écrites et orales en anglais
* Incollable sur le pack Office (Word / Excel / Powerpoint / Outlook)

***Cette description vous ressemble ? Alors postulez pour rejoindre l'équipe Creapharm, a Myonex Company !***

Type d'emploi : Temps plein, CDI  
Statut : Cadre

Rémunération : 33 000,00€ à 35 000,00€ par an

Avantages :

* Intéressement et participation
* Prise en charge du transport quotidien

Horaires :

* Du lundi au vendredi
* Travail en journée

Lieu du poste : En présentiel","","https://www.glassdoor.fr/Overview/W-EI_IE1128811.htm","https://media.glassdoor.com/sql/1128811/creapharm-squarelogo-1455273161723.png","","","","","","Chef de Projet","Reims, france"
"gd-1009644685389","glassdoor","https://www.glassdoor.fr/job-listing/j?jl=1009644685389","","Chef de marché plomberie F/H","SGDBF","Reims","2025-02-20","","","","","","",False,"","","organic","","PUM, filiale du Groupe Saint\\-Gobain, recherche une nouvelle ou un nouveau Chef de Marché pour l’offre « plomberie ».



Quelles seront vos missions ?


 **Stratégie Marketing et Innovation :**


* Réaliser un plan marché annuel afin de définir les enjeux et priorités de l'offre produit /service, en collaboration avec l’équipe Achat.
* Effectuer une veille technologique nationale et internationale sur les innovations.
* Intégrer nos enjeux RSE dans tous les nouveaux projets.


**Animation et valorisation de l’offre :**


* Analyser les données des ventes produits de son périmètre et mettre en place des plans d’actions si nécessaire
* Animer des groupes de travail internes, afin de co\\-concevoir les évolutions nécessaires à l'offre
* Participer à l'élaboration des supports en lien avec l’offre produits et bâtir les argumentaires de vente (catalogue, digital, flyer promo…)
* Travailler en étroite collaboration avec l’équipe formation Produits \\& Solutions afin de coordonner les évolutions de l’offre et la formation des équipes PUM.


**Codification et gestion du référentiel article :**


* Codifier les produits de son périmètre,
* Être garant de la qualité des données et s'assurer de la bonne gestion du flux d'information entre les services internes.

\\\\n\\\\n**Rémunération :**  

Bonus annuel  

Prime d’intéressement trimestrielle et de participation annuelle (2 mois de salaire en plus en moyenne)","","https://www.glassdoor.fr/Overview/W-EI_IE3120.htm","https://media.glassdoor.com/sql/3120/saint-gobain-squarelogo-1465304606935.png","","","","","","Chef de Projet","Reims, france"
"gd-1009642552360","glassdoor","https://www.glassdoor.fr/job-listing/j?jl=1009642552360","","CHEF DE PROJETS DEVELOPPEMENT F/H","Groupe VALOREM","Reims","2025-02-18","","","","","","",False,"","","organic","","Le groupe VALOREM (500 salariés) est un opérateur indépendant en énergies renouvelables multi\\-filières. En plus de 25 ans, VALOREM est devenu un acteur reconnu de la filière éolienne et solaire, et maîtrise l’ensemble de la chaîne de valeur : développement de projets, construction, exploitation et maintenance de sites, sur le territoire français et à l’international.  

  

  

Nous recherchons :


**CHEF DE PROJETS DEVELOPPEMENT F/H** **(ref : ORM25\\-10\\)**
============================================================


**Votre mission :**
-------------------



 Vous êtes garant(e) de l'élaboration et du pilotage de projets de centrales EnR, jusqu'à l'obtention des autorisations administratives nécessaires à leur construction dans le respect des engagements pris avec le Responsable d'agence.


**Vos responsabilités :**
-------------------------


* Identifier les enjeux et les contraintes des projets, les ressources nécessaires et mobilisables en interne au groupe ainsi qu'à l'externe sur le territoire concerné : parties prenantes, services de l'Etat , prestataires…


* Promouvoir les projets pour obtenir l'adhésion des parties prenantes : organisation de la concertation/communication locale et défense des intérêts des projets … Définition de la communication autour des projets en collaboration avec le service communication et les personnes ressources.


* Etre porteur de l’image de marque du groupe.


* Assurer la gestion et le pilotage des projets dont vous avez la responsabilité. Etre garant de la définition, de l'organisation et de la planification et la réalisation des pré\\-consultations, des études et des actions nécessaires dans le respect des contraintes réglementaires environnementales, paysagères, techniques, …


* S'assurer de la bonne réalisation des projets : valider les résultats des études et des prestations, gèrer les priorités, les délais et les ressources (humaines, techniques et financières). Face à des problèmes et selon son expérience, proposer et argumenter des solutions correctives. Gèrer les objections.


* Etablir, faire valider le budget par son Responsable d'agence et le suivre dans le respect des enveloppes fixées.


* S'inscrire dans une démarche collaborative avec le CP Financement et l'Ingénieur Projet Construction tout au long de la durée de vie du projet : selon les sujets en tant que Référent(e) ou Ressource, contribuer aux différentes phases du projet, partager les résultats intermédiaires et finaux et co\\-décider des propositions sur les suites à donner au projet


* En lien étroit avec le Chargé de Développement Territorial mais aussi le service Business Développement France, exercer une veille sur les potentiels de développement des territoires dont vous êtes en charge et transmettre toutes les informations utiles aux entités concernées.


* Plus généralement, contribuer à la veille économique et réglementaire en matière de développement EnR


* Rendre compte de l'avancée des projets, des engagements de ressources et de ses activités, selon les procédures en vigueur


* Assurer la traçabilité des projets et produit les documents internes d’avancement des projets


* Respecter les processus et les procédures QHSE en vigueur


* Mettre en œuvre une démarche d’amélioration continue


* Capitaliser les connaissances et les savoir\\-faire développés


**Formation(s) et expérience(s) requises :**
--------------------------------------------



Vous disposez d'une expérience de 2 à 3 ans sur un poste similaire et possédez un Bac\\+5 Généraliste/Conduite de projet/ Gestion d'affaires \\- Géographie/Environnement/ EnR/ Dév Durable.


**Profil requis :**
-------------------



Relationnel : écoute, animateur, fédérateur, force de persuasion \\- communiquant



Sens du développement \\- entrepreneurial et innovation



Sens du résultat et du respect des procédures, des règles et des modalités de travail en vigueur



Ténacité et ouverture d'esprit \\- curieux et remise en cause



Coordonnateur \\- chef d'orchestre



Adaptabilité



Capacité à avoir une vision analytique et globale


**Conditions :**
----------------



Type de contrat :**Contrat à Durée Indéterminée**



Date début activité : **Dès que possible**



Lieu de travail **:** **Amiens ou Reims**



Statut : **CADRE**



Rémunération **: à négocier selon expérience**  

  

**Notre entreprise est engagée dans une politique en faveur de l’intégration et du maintien dans l’emploi des personnes en situation de handicap.**","","https://www.glassdoor.fr/Overview/W-EI_IE6761246.htm","https://media.glassdoor.com/sql/6761246/groupe-valorem-squarelogo-1652777334456.png","","","","","","Chef de Projet","Reims, france"
"gd-1009637046902","glassdoor","https://www.glassdoor.fr/job-listing/j?jl=1009637046902","","Chef(fe) de Projet Croissance Commerciale (H/F)","Grand Est Développement","Reims","2025-02-13","","","","","","",False,"","","organic","","Grand Est Développement est l’agence régionale au service de la transformation des entreprises et des territoires du Grand Est, née sous l’impulsion et avec le soutien de la Région Grand Est et de la Chambre de Commerce et d’Industrie du Grand Est.


L’agence **contribue au développement et au rayonnement de la région Grand Est** en France comme à l’international en **guidant les entreprises et les territoires** dans leurs projets de **transformation et d’innovation**.


Son équipe de plus de 90 collaborateurs intervient sur 7 antennes réparties en région Grand Est.

**Description du poste**
------------------------

**Contexte**


Au sein de la Business Unit Ingénierie de projets \\& Accompagnement, le poste de chef(fe) de projet Croissance Commerciale consiste à accompagner exclusivement des entreprises (startup, PME/PMI, et ETI) de la région Grand\\-Est dans leur problématique d’optimisation et d’augmentation des ventes et du chiffre d’affaires.

**Missions**


Auprès des entreprises, le/la Chef(fe) de projet Croissance Commerciale aura pour missions :

**Réaliser des diagnostics de la performance commerciale**

* Mener des entretiens avec les acteurs en charge des problématiques commerciales afin d’appréhender les processus actuels ;
* Réaliser des plans de recommandations pragmatiques dans le but d’optimiser et de maximiser les ventes et le chiffre d’affaires ;
* Mettre en relation avec des partenaires qualifiés, d’autres entreprises ou acteurs métiers de l’écosystème.

**Accompagner de manière opérationnelle le process commercial dans :**

* L’optimisation des outils et des process pour renforcer l’efficacité commerciale : génération de leads, transformation de ces leads, définition et implémentation de KPI à chaque étape du process de vente…

**Accompagner sur la stratégie commerciale pour faciliter :**

* La définition de la segmentation et des priorisations des marchés,
* La sélection des canaux de distribution,
* La définition de l’évolution du modèle économique, du pricing, de l’identification des ressources…


Pour l’interne, le/la Chef(fe) de projet Croissance commerciale aura pour missions :

**De contribuer à l’amélioration continue** en étant force de proposition pour l’évolution de l’offre de service sur la thématique « Croissance Commerciale », au regard des besoins identifiés et en bonne complémentarité avec les autres expertises déployées (innovation, financement, etc…) ;

**De Participer à l’organisation d’événements en lien avec la performance commerciale :** conférences, ateliers, réunions d’information, salons... ;

**Et de participer à des comités/réunions de suivi des projets avec les acteurs économiques et institutionnels de l’écosystème.**

**Profil recherché**
--------------------

**Candidatez si**

* Diplômé(e) d’une Ecole de commerce ou d’un Master en marketing/commercial avec une expérience reconnue (minimum de 5 ans) et maitrisé sur les **sujets de croissance commerciale sur le plan stratégique et opérationnel**
* Excellent communicant, diplomate avec un sens poussé du service, vous avez la capacité de conseiller, de dialoguer et d’animer des réunions avec des dirigeants d’entreprise de toutes tailles (startup, PME, ETI, Grands groupes)
* La connaissance des enjeux liés aux transformations numériques, industrielles et environnementales des entreprises
* Maitrise de la langue anglaise indispensable (écrit et parlé) – niveau C1 à minima
* Excellente maîtrise de la suite bureautique Microsoft 365


Poste basé en région Grand Est, sur l’une de nos antennes, des déplacements réguliers sur l’ensemble du Grand\\-Est et ponctuellement au national et européen. Télétravail possible jusqu’à 2 jours par semaine. Rémunération à négocier selon profil et expérience","","https://www.glassdoor.fr/Overview/W-EI_IE846060.htm","https://media.glassdoor.com/sql/846060/cetim-squarelogo-1408377368928.png","","","","","","Chef de Projet","Reims, france"
"gd-1009636790362","glassdoor","https://www.glassdoor.fr/job-listing/j?jl=1009636790362","","Chef de projets numériques - h/f","CHU de Reims","Reims","2025-02-13","","","","","","",False,"","","organic","","**Description entreprise :**
============================


Pôle de référence, le CHU de Reims assure l'activité de proximité pour tout le territoire Marnais et prend en charge les pathologies les plus complexes à l’échelle de la région Champagne\\-Ardenne (chirurgie cardiaque, greffes de rein, urgences et SMUR pédiatriques…).


Disposant de l’ensemble des spécialités médicochirurgicales, le Centre Hospitalier Universitaire de Reims offre une prise en charge tout au long de la vie. Doté d’une maternité adossée à un service de réanimation néonatale, l’établissement assure un suivi médical complet de l’enfant et de l’adolescent, y compris en psychiatrie de l’enfant et de l’adolescent.


En complément de prises en charge de haute technicité, le CHU présente également une offre importante d’hébergement pour personnes âgées et une offre complète de soins de suite et de réadaptation (SSR).


C’est un collectif de 8 500 professionnels qui accueille chaque année près de 200 000 patients. Il contribue annuellement à la formation de plus de 2 100 étudiants, que ce soit au sein de l’Institut Régional de Formation ou en accueillant les étudiants des facultés de médecine, d’odontologie et de pharmacie de l’Université de Reims Champagne Ardenne.


Acteur clé du territoire, le CHU de Reims et les actions qu’il mène conduisent à un impact économique de près de 900 millions d’euros dans le département de la Marne.


L’établissement anime une politique de coopération territoriale ambitieuse autour du Groupement Hospitalier Universitaire de Champagne et des conventions d’association hospitalo\\-universitaire signées avec les quatre Groupements Hospitaliers de Territoires voisins, en partenariat avec le Centre de Lutte Contre le Cancer, l’Institut Godinot Se donnant pour ambition de moderniser l’offre de soins, le CHU de Reims s’est engagé dans un important projet immobilier pour un budget de 530 millions d’euros. Autour de trois phases, le chantier du Nouvel hôpital de Reims a débuté en janvier 2020 et s’achèvera en 2031\\.


**Description du poste :**
==========================


**Missions générales du poste**


Afin de renforcer nos équipes au sein du secteur Applicatifs, nous recherchons **un(e) Chef(fe) de projets numériques** rattaché au responsable du secteur Applicatifs.


Les missions générales de ce poste s’articulent autour des axes suivants :

* Conduire des projets informatiques en conformité avec le cahier des charges, jusqu'à leur mise en production, dans le respect des coûts, délais et règles de l'art, en coordonnant des équipes multidisciplinaires.
* Coordonner et assurer le pilotage des projets et le suivi des applications du Système d’information et plus particulièrement du pôle Imagerie.

**Missions opérationnelles**

* Elaborer un cahier des charges sur le domaine fonctionnel faisant l’objet du projet en lien avec les représentants des utilisateurs finaux et les différents pôles constitutifs de la DSN, en cohérence avec le SIH en place au CHU de Reims.
* Mettre en place l’organisation et le suivi du projet avec un reporting envers le responsable du Secteur Applicatifs.
* Assurer la coordination des différents intervenants et groupes d’intervenants pour garantir l’aboutissement du projet.
* Mettre en œuvre la solution retenue dans le respect de la qualité, de la sécurité, des coûts et des délais.
* Assurer le suivi de niveau 3 (expertise) des applicatifs en collaboration avec le centre de support.
* Assurer l’organisation des évolutions majeures de version des applicatifs et les plans de tests associés.
* Assister ponctuellement les équipes de support sur les solutions déployées.
* Assurer un lien continu avec les représentants maitrise d’ouvrage afin de suivre l’évolution de leurs besoins et avec les éditeurs.
* Accompagner les équipes des services de soins lors des changements (conduite du changement)
* Communiquer sur le projet
* Organiser, préparer et animer les comités projet (suivi, avancement, pilotage, …)

**Caractéristiques du poste**

* CDI
* Poste à 100%
* Le poste est basé au CHU de Reims avec des déplacements sur les établissements du GHT (véhicule de service)


**Profil recherché :**
======================


**Profil**


Ecole d’Ingénieur / BAC \\+ 5 souhaité ou BAC \\+ 3 requis avec expérience conséquente.


Expérience en gestion de projets informatiques et management.

**Compétences**

* Savoir\\-faire et savoir être
	+ Coordination et gestion d’équipes
	+ Sens du collectif, ouverture d’esprit, curiosité intellectuelle et esprit d’initiative,
	+ Qualité relationnelle et aptitude à communiquer de façon claire et précise,
	+ Qualité d’écoute, de jugement et d’évaluation,
	+ Esprit d’analyse, logique, rigoureux,
	+ Aptitude à gérer des priorités et plusieurs projets simultanément,
	+ Sens du service et de la pédagogie (démarche fournisseur \\-\\> client),
	+ Esprit d’équipe,
	+ Résistant au stress.
* Connaissances générales
	+ Vision urbanistique du système d’information. Connaissance des principes d’intégration entre applicatifs.
	+ Connaissance du milieu de la santé
	+ Utilisation d’outil de gestion de projet informatique
	+ Connaissance des processus ITIL
	+ Connaissance de l’ISO 27001 et HDS

**Avantages :**
===============

  

* Prestations sociales attractives par le biais du Comité de Gestion des Œuvres Sociales (CGOS) : sport, voyages, billetterie, chèques vacances, chèques culture, aide personnalisée selon profil
* Remboursement des frais de transport en commun à 75% dans la limite de 101\\.75 €
* Points de restauration sur place : Self du personnel, cafétéria sur Hôpital Maison Blanche et Hôpital Robert Debré
* Parking réservé au personnel
* Salle de sport réservée au personnel
* Le CHU de Reims est un établissement handi\\-accueillant","","https://www.glassdoor.fr/Overview/W-EI_IE846650.htm","https://media.glassdoor.com/sql/846650/chu-de-reims-squarelogo-1408728552280.png","","","","","","Chef de Projet","Reims, france"
"gd-1009636358262","glassdoor","https://www.glassdoor.fr/job-listing/j?jl=1009636358262","","Chef de projet photovoltaique grand est H/F","Worldwide Energy","Reims","2025-02-13","","direct_data","yearly",50000.0,50000.0,"EUR",False,"","","organic","","### **À propos de nous**



Producteur d’électricité solaire en Europe et leader des appels d’offres PV en Allemagne, Notre client est un pionnier international des énergies renouvelables. L’entreprise est aujourd’hui un des premiers producteurs d’énergie photovoltaïque en Europe, avec plus de 3000 MW de puissance installée en exploitation et plus de 400 collaborateurs. Nos équipes assurent le développement, le financement, l’installation ainsi que l’exploitation durant toute la durée de vie des projets. Notre client, c’est aussi de fortes valeurs humaines, des méthodes agiles et collaboratives dans un univers multiculturel avec des équipes passionnées et engagées dans la transition énergétique et écologique.


Nous recherchons un profil agile, enthousiaste, créatif, ouvert à de nouveaux défis et qui se réjouit de travailler dans un environnement international et multiculturel.


Nous proposons un package attractif ainsi qu’un cadre de travail dans des conditions optimales, avec des bureaux modernes disposant d’espaces de détente et des salles de réunions pour favoriser le bien\\-être et la créativité.


### **Mission**


* Développement et suivi de projets agrivoltaïques
* Analyses de marché et d’opportunités de projets en France et particulièrement dans le Sud\\-Ouest du pays
* Identification de terrains avec des outils de cartographie SIG, évaluation et gestion d’opportunités
* Visites de sites et sécurisation foncière auprès de propriétaires de terrains
* Sélection de bureaux d’études et suivi d’études (études environnementales, agricoles, techniques etc.)
* Présentation des projets auprès des autorités locales et parties prenantes du projet
* Mettre en place des relations de confiance avec les acteurs locaux
* Participer et assister à des conférences et salons
* Être force de proposition et de créativité pour développer durablement les activités en France


### **Profil**



Nous recherchons un profil ayant une expérience professionnelle en développement/ prospection de projets PV, ou ayant une expérience en projets d'aménagement du territoire. Les compétences et qualités recherchées sont les suivantes :

* BAC\\+5, Diplôme d’Ingénieur, de Commerce, d’Urbanisme, d’Environnement
* Responsable, polyvalent et capable de travailler de manière autonome
* Sensibilité aux enjeux socio\\-environnementaux et au développement durable
* Très bonne pratique des outils MS Office
* Aptitude à voyager et à se déplacer fréquemment, permis B nécessaire
* Qualités relationnelles, de communication et aptitude de travailler en équipe
* Français langue maternelle, niveau professionnel en anglais et/ou allemand est un plus
* La connaissance des outils de géo traitement (ArcGis ou QGis) est un plus","","https://www.glassdoor.fr/Overview/W-EI_IE920296.htm","","","","","","","Chef de Projet","Reims, france"
"gd-1009635176907","glassdoor","https://www.glassdoor.fr/job-listing/j?jl=1009635176907","","Chef de Projet Informatique (H/F)","Le Cnam'IDS","Reims","2025-02-12","","direct_data","yearly",45000.0,55000.0,"EUR",False,"","","organic","","**Missions**

Le Cnam’IDS développe, héberge et administre des applications et services numériques pour le Conservatoire national des arts et métiers et ses 22 Centres Cnam en Région et à l'Etranger.

Dans le cadre de l'accroissement de nos activités, nous recherchons un.e chef.fe de projet informatique. Outre la coordination des équipes de développement et d’administration des systèmes, vous contribuerez à la conduite des projets :

· Recueillir et analyser les besoins

· Rédiger les spécifications et estimer les charges induites

· Planifier et superviser les interventions

· Encadrer les prestations internes ou externes

· Veiller à la qualité des services et à l’amélioration des processus

**Qualification**

Formation Bac\\+5 en informatique.

**Expérience professionnelle requise**

5 ans minimum

**Compétences requises**

* Maitrise des processus et méthodes de gestion de projets
* Maitrise des pratiques DevOps
* Connaissance technique en développement PHP, Symfony, JQuery
* Compréhension technique des systèmes d’exploitation Linux, Windows et des infrastructures réseaux
* Connaissance des principes de sécurité informatique

**Capacités requises**

* Qualités relationnelles
* Organisation, méthode
* Gestion d’équipe
* Sens du service
* Adaptabilité, goût pour l’innovation

Type d'emploi : Temps plein, CDI  
Statut : Cadre

Rémunération : 45 000,00€ à 55 000,00€ par an

Horaires :

* Du lundi au vendredi
* Travail en journée

Rémunération supplémentaire :

* Prime annuelle

Lieu du poste : En présentiel","","https://www.glassdoor.fr/Overview/W-EI_IE385639.htm","https://media.glassdoor.com/sql/385639/cnam-squarelogo-1462860998589.png","","","","","","Chef de Projet","Reims, france"
"gd-1009633488643","glassdoor","https://www.glassdoor.fr/job-listing/j?jl=1009633488643","","Chef de projets innovation Sciences de la Vie & Santé (H/F)","SATT Nord","Reims","2025-02-11","","","","","","",False,"","","organic","","La SATT Nord est un investisseur spécialisé dans l’innovation technologique.


A l’interface entre les laboratoires de la recherche publique et les entreprises, nous avons un accès privilégié aux compétences et inventions des chercheurs publics des Hauts de France et de Champagne\\-Ardenne.


Nous transformons les découvertes scientifiques du domaine de la santé, de l’environnement et du numérique, en produits et services destinés à améliorer notre vie de tous les jours : médicaments, logiciels, matériaux performants, puces pour l’intelligence artificielle, énergie de demain...


Vous voulez contribuer à changer notre quotidien par l’innovation ? Rejoignez\\-nous pour protéger, financer et accompagner ces projets novateurs qui seront adoptés par des entreprises ou donneront naissance à des start\\-up !

**Description du poste**
------------------------


Rattaché(e) au Responsable de la Business Unit, vous intégrez notre équipe actuellement composée de 7 personnes. Vous travaillez au quotidien en équipe projet composée d’une ingénieure en propriété intellectuelle, d'un(e) juriste et d’un(e) Business Developer.


En tant qu’interlocuteur(trice) dédié(e) des chercheurs, et manager de projets, vous intervenez pour:

* La prospection et le sourcing d’innovations technologiques potentielles grâce aux relations que vous entretenez avec les chercheurs des unités de recherche du périmètre de la SATT NORD.

\\- Le montage du projet d’innovation technologique. Vous constituez l’équipe projet qui vous aidera notamment à établir le planning, le budget et la stratégie. Vous présentez votre programme devant le comité d’investissement.

\\- Le suivi et la gestion du projet en termes de qualité, délais, budgets, livrables et encadrement du personnel scientifique recruté pour le projet.

* La conduite de l’équipe projet tout au long du processus de développement jusqu’au transfert de la technologie à une entreprise/start\\-up. Vous fédérez l’équipe projet et êtes en appui du Business Developer. Vous mobilisez les expertises internes et prestataires externes pour la bonne conduite du projet.

**Profil recherché**
--------------------


De formation supérieure dans le domaine de la Santé (Doctorat), vous justifiez de solides connaissances scientifiques et d’une expérience dans la recherche académique, idéalement dans la région Grand\\-Est.


Vous justifiez uniquement d’une expérience de Chef de projet R\\&D en entreprise dans le domaine de la santé, votre profil peut nous intéresser également.


Une connaissance de l’environnement de la recherche publique et de la valorisation de la recherche seront appréciés. De même, des connaissances en matière de propriété intellectuelle seraient un plus.


Vous êtes reconnu(e) pour votre sens de la communication, esprit d’équipe et votre rigueur, et savez faire preuve d’autonomie et d’initiatives.


Enfin, la maîtrise de l’anglais est un impératifpour ce poste.

***Nous vous offrons*** ***:***

* de participer au développement d’innovations technologiques dans un dispositif unique en France : notre entreprise intervient sur l’ensemble de la chaine de valorisation de la recherche, de la détection de la technologie à son transfert au monde économique ;
* de travailler au sein d’une PME à taille humaine (70 personnes) et dynamique ;
* de bénéficier d’un accompagnement individualisé à votre arrivée pour faciliter le plus possible la prise en main du poste (parcours d’intégration, mentorat et formations selon profils…) ;
* d’avoir des conditions de travail favorables grâce à notre politique de télétravail (2 jours par semaine possibles).","","https://www.glassdoor.fr/Overview/W-EI_IE1135720.htm","https://media.glassdoor.com/sql/1135720/satt-nord-squarelogo-1456835104788.png","","","","","","Chef de Projet","Reims, france"
"gd-1009632742277","glassdoor","https://www.glassdoor.fr/job-listing/j?jl=1009632742277","","Chef.fe de projet travaux neufs","CELETIS","Reims","2025-02-10","","direct_data","yearly",35000.0,45000.0,"EUR",False,"","","organic","","Sous la responsabilité de votre manager, vous intervenez en tant consultant.e ingénieur.e travaux neufs auprès de nos clients. Votre rôle s'articule autour de la conception jusqu'à la réalisation. Vous piloterez les projets relatifs aux nouvelles installations en vue d'améliorer les moyens de production.  

Les missions du poste  

* Piloter et assurer l'avancement des principaux sujets techniques
* Piloter et dialoguer avec les différents fournisseurs, clients (internes/externes)
* Gérer les plannings de réalisation
* Contrôler et valider les installations livrées dans leurs phases d’exploitation
* Assurer le suivi et conduite de travaux
* Développer la relation client, identifiez leurs attentes et leurs besoins, proposez des solutions techniques et négociez des offres
* Animer et superviser les équipes sur les chantiers

Diplômé.e d'une école d'ingénieurs ou d'une formation supérieure Bac \\+3 à 5 spécialité génie civil ou mécanique, automatismes, électrotechnique. Vous disposez d'une solide expérience en gestion de projets travaux neufs. Doté.e d'une bonne capacité d'adaptation, vous savez prendre du recul et gérer les imprévus quelles que soient les situations afin de trouver des solutions. Vous faites preuve d'un bon relationnel, de rigueur et d'organisation  

Vous aimez le travail en équipe.  

Dans le cadre de sa politique diversité, Celetis étudie, à compétences égales, toutes candidatures dont celles de personnes en situation de handicap.


Qui sommes nous ?


Depuis plus de 10 ans, Celetis s'est imposée comme un partenaire stratégique des plus grands acteurs industriels en France et au Benelux. Nous sommes présents dans des secteurs clés tels que l'Énergie, l'Agroalimentaire, les Life Sciences, le Transport, la Défense spatial, l'Industrie lourdes et l'Infrastructure. Notre mission : accompagner nos clients dans la recherche de solutions innovantes et dans l'accélération de leurs projets R\\&D.","","https://www.glassdoor.fr/Overview/W-EI_IE2599173.htm","https://media.glassdoor.com/sql/2599173/celetis-squarelogo-1630674891051.png","","","","","","Chef de Projet","Reims, france"
"gd-1009630951398","glassdoor","https://www.glassdoor.fr/job-listing/j?jl=1009630951398","","Technical Project Manager","Improvado","","2025-02-08","","","","","","",True,"","","organic","","Improvado (AI Data Platform, $34M raised) is a data integration platform that simplifies the process of data extraction and manipulation from various marketing channels. **Our core values.****High\\-Velocity Delivery.** We operate in a high\\-energy, high\\-velocity environment where speed is married to efficiency. Rapid execution and delivery aren't mere buzzwords but inherent aspects of our work ethic. To stay at the forefront of the market, we need to consistently outperform by exemplifying the qualities of a '10X developer'.**Culture of A\\-players.** Our team is composed strictly of 'A\\-players' who abide by responsibility and accountability for their actions. We believe in the innate drive of such individuals and don't entertain micromanagement. Our A\\-players flourish when equipped with an exciting product and a high\\-quality team to accelerate execution.**Pioneering AI Products.** AI is at the core of our interest and operation, and we are proud to be forging the path in this captivating field. We've successfully built an industry\\-first AI agent for enterprises, a product that's not just an idea, but a functioning technology in production. This AI agent is actively creating value and transforming the way businesses operate. Despite the complexity and occasional uncertainties, we assure you that this environment will be the most stimulating workspace you'll ever find. **About the Role.**
The **Executive Project Manager** drives strategic projects across sales, marketing, and technology, reporting directly to the CEO. This role requires exceptional project management skills to coordinate high\\-priority initiatives, streamline communication, and ensure efficient execution of the CEO's vision.
### **Responsibilities.**

* Act as the central point of communication between the CEO and project teams, ensuring alignment and measurable progress.
* Oversee project timelines, deliverables, and budgets, proactively identifying and resolving risks.
* Push team members and stakeholders to meet deadlines and achieve project deliverables.
* Quickly adapt to evolving priorities and maintain seamless project management in a dynamic environment.

### **Required Qualifications**

* At least 1 year of experience on similar positions
* High IQ and demonstrated critical thinking abilities.
* Availability to work in the **Pacific Standard Time (PST)** zone, with flexibility to support the CEO’s schedule.
* Willingness to be available **24/7**, including weekends and holidays, to meet the demands of high\\-priority projects.
* Comprehensive understanding of **sales, marketing, and technology**, with the ability to integrate these domains effectively.
* Expertise in utilizing LLMs (GPT, Claude) for task automation.
* Ability to work independently under pressure and consistently meet deadlines.

### **Preferred Qualifications**

* Experience coding in **Cursor** to streamline and optimize workflows.
* Proficiency in **SQL / Python** for data analysis.
* **Verbal and written communication skills** in English.

### **What We Offer.**

* Remote\\-first environment
* Strong product/market fit: marketing data product for US\\-based enterprises
* 27 days of PTO per year
* US holidays and additional days off
* Extremely fun \\& open startup environment
* Professional development reimbursement","","https://www.glassdoor.fr/Overview/W-EI_IE3396302.htm","https://media.glassdoor.com/sql/3396302/improvado-squareLogo-1629452417823.png","","","","","","Chef de Projet","Reims, france"
"gd-1009629367591","glassdoor","https://www.glassdoor.fr/job-listing/j?jl=1009629367591","","Chef·fe de projet pédagogique","le Cnam en Grand Est","Reims","2025-02-07","","direct_data","yearly",33900.0,33900.0,"EUR",False,"","","organic","","Reims
  
CDI
  
  

Engagés dans un plan stratégique ambitieux avec une volonté de développement au plus proche des territoires et des habitants du Grand Est, nos 100 collaborateurs et 900 enseignants, répartis sur 20 implantations, mettent tout en œuvre pour permettre à chacun de développer ses compétences et s’épanouir dans sa vie professionnelle.
  
  

Vous souhaitez prendre part à cette belle aventure ? Rejoignez\\-nous !
  
  

Pour assurer l’ingénierie pédagogique de nos parcours de formation préparant à des diplômes et certifications, à destination des salariés, demandeurs d’emploi, alternants et entreprises, nous sommes à la recherche d’un ou une chef·fe de projet pédagogique sur le secteur de Reims.
  
  

Vous maîtriser les rouages de la formation professionnelle supérieure ?
  
  

Vous savez organiser et piloter une formation ?
  
  

Vous savez faire preuve d’écoute et de conseil ?
  
  

Nous avons besoin de vous !
  
  

Vos missions
  
  

Au sein du service de l’ingénierie pédagogique, vos missions seront :
  
  

Assurer la préparation, l’organisation et la gestion opérationnelle des parcours de formation y compris en modalités pédagogiques hybrides jusqu’à la diplomation de nos élèves.
  
Être l’interface entre les équipes pédagogiques et les élèves.
  
Réaliser des actions d’accompagnement terrain auprès des entreprises.
  
Accompagner les équipes pédagogiques (aide à la conception technique de support).
  
Assurer les compte\\-rendu d’activité des parcours de formation et leur suivi budgétaire.
  
Participer aux réponses aux appels d’offre.
  
Assurer la gestion et le reporting de vos activités.
  
Votre profil
  
Vous savez travailler avec méthode.
  
Vous êtes à l’aise avec la conduite et le management de projet.
  
Vous savez comment mobiliser un réseau d’acteurs
  
Le travail en mode distanciel vous plaît.
  
Vous avez une appétence particulière pour l’ingénierie différenciée.
  
Vous avez des notions de gestion de budget.
  
Vous justifiez d’un niveau Bac\\+4/5 avec expérience professionnelle.
  
Le poste
  
CDI basé à Reims
  
Temps plein
  
**Salaire :** 33 900 € bruts annuels selon expérience
  
Poste pouvant nécessiter des déplacements occasionnels en région Grand Est pour des opérations événementielles (salons professionnels, soirées d’information, etc.).
  
La gestion des activités de notre établissement public à caractère scientifique, culturel et professionnel (EPCSCP) en région Grand Est, est assurée par l’AGCnam Grand Est. Convention collective des organismes de formation.
  
La formation pour tous et partout
  
Qui sommes\\-nous ?
  
  

Le Cnam, Conservatoire national des arts et métiers, leader de la formation professionnelle supérieure en Grand Est, offre à ses 5 000 élèves des parcours totalement adaptés à leur situation personnelle et professionnelle.
  
  

**Nous donnons la chance :**  

Aux actifs (salariés et demandeurs d’emploi) de monter en compétences pour se maintenir en emploi, progresser dans leur vie professionnelle, se reconvertir, maximiser leur employabilité ;
  
Aux jeunes adultes de poursuivre leurs études de manière professionnalisante par le biais de l’alternance ;
  
Aux entreprises de développer les compétences de leurs salariés, de s’adapter aux évolutions de la société et d’améliorer leur performance.
  
Travailler au Cnam, c’est
  
6 semaines de congés payés et 18 jours de RTT
  
Des tickets restaurant
  
Une Prévoyance santé (niveau III, le max, de la Convention collective des organismes de formation)
  
La possibilité de télétravailler (80 jours par an)
  
**La possibilité de se former :** mise à disposition d’outils (ENT), accompagnement vers l’utilisation des process…
  
La vigilance sur le temps de connexion
  
Un comité d’entreprise, des cartes cadeaux…
  
Une carte professionnelle qui donne accès au Musée des arts et métiers à Paris
  
…
  
  

Le Cnam en chiffres
  
1794
  
  

année de création
  
  

108
  
  

collaborateurs en Grand Est
  
  

37 ans
  
  

Moyenne d’âge","","https://www.glassdoor.fr/Overview/W-EI_IE4544145.htm","https://media.glassdoor.com/sql/4544145/le-cnam-en-grand-est-squarelogo-1622807349653.png","","","","","","Chef de Projet","Reims, france"
"gd-1009627278243","glassdoor","https://www.glassdoor.fr/job-listing/j?jl=1009627278243","","Technical Project Manager (Payments) | Ruby Labs","Ruby Labs","","2025-02-05","","","","","","",True,"","","organic","","**About us**
============


Ruby Labs is a leading tech company that creates and operates innovative consumer products. We offer a diverse range of opportunities across the health, education, and entertainment industries. Our innovative teams are driving the future of consumer\\-led products, and we're always looking for passionate individuals to join us. Learn more about our story at: https://rubylabs.com/about\\-us/

**About the role**
==================


We're looking for a technically\\-minded project and product leader to drive our payment integration initiatives and the development of our internal payment orchestration system. If you're passionate about payment technology, thrive in coordinating complex technical implementations, and enjoy bridging the gap between business requirements and technical execution – we want to talk to you!

**Key Responsibilities**
========================

* Coordinate integration and implementation projects for new payment service providers while facilitating the development of the Payment Orchestration System MVP.
* Collaborate closely with the engineering and integration teams to synchronize their efforts, ensuring timely delivery of projects and features while maintaining high quality throughout the development process.
* Adapt and implement an appropriate Agile framework (such as SCRUM or Kanban) tailored to our team dynamics, leading daily stand\\-ups, sprint/cycle planning, and other Agile ceremonies.
* Prioritize and manage the product backlog to align with the strategic goals of the team and stakeholder expectations.
* Oversee task management using platforms like JIRA (or our anticipated migration to Plane.so), ensuring accurate tracking of project progress.
* Maintain and update project and product documentation as well as technical specifications, ensuring all necessary information is shared and easily accessible using Outline.
* Collaborate with the Head of Payments and Billing, Solution Architect, and engineering teams to ensure successful delivery of projects.
* Facilitate regular communication and progress reporting to stakeholders.
* Enhance team collaboration and productivity by implementing best practices in Agile project management and product ownership.
* Support testing and quality assurance processes related to billing and payment subsystems.

**Qualifications**
==================

* 3\\+ years of experience in project management and/or product ownership, preferably in a technical or software development context.
* Strong understanding of Agile methodologies and experience applying these practices.
* Excellent communication and interpersonal skills, with the ability to build rapport across technical and non\\-technical teams.
* Experience managing technical projects, particularly in integration or SaaS environments.
* Proficient with project management and collaboration tools (JIRA, Confluence, Plane.so, Outline, Slack, etc.).
* Strong analytical and problem\\-solving skills, with attention to detail.
* Ability to manage multiple projects and priorities simultaneously.

**Nice to have**
================

* Experience in the fintech or digital payments sector.
* Familiarity with payment gateways and service providers (e.g., Stripe, PayPal).
* Understanding of payment orchestration and billing systems.
* Background in software development or technical requirements gathering.
* Experience with low\\-code platforms and understanding of REST APIs and webhook implementations.

**Location**
============


Ruby Labs operates within the CET (Central European Time) zone. Applicants from any country are welcome to apply for the position as long as they are located within approximately ± 4 hours of CET. This ensures optimal collaboration and communication during working hours.

**Benefits**
============


Discover the perks of being part of our vibrant team! We offer:

* **Remote Work Environment:** Embrace the freedom to work from anywhere, anytime, promoting a healthy work\\-life balance.
* **Unlimited PTO:** Enjoy unlimited paid time off to recharge and prioritize your well\\-being, without counting days.
* **Paid National Holidays:** Celebrate and relax on national holidays with paid time off to unwind and recharge.
* **Flexible Independent Contractor Agreement:** Unlock the benefits of flexibility, autonomy, and entrepreneurial opportunities. Benefit from tax advantages, networking opportunities, reduced employment obligations, and the freedom to work from anywhere. Read more about it here: https://docs.google.com/document/d/1dHF4ctKlez75whdn\\-ybUwP5d5Wr0BdwVrorrm\\_fM40Q/preview

Be part of our fast\\-growing team and seize this excellent opportunity for personal and professional growth!

**Interview Process**
=====================


After submitting your application, we conduct a thorough review which typically takes 3 to 5 days, but may occasionally take longer due to the volume of applications received. If we see a potential fit, we proceed with the following steps:

* Recruiter Screening (40 minutes)
* Technical Interview (90 minutes)
* Final Interview (60 minutes)

**Life at Ruby Labs**
=====================


At Ruby Labs, we are more than a team; we're a community united in pushing the boundaries of technology and innovation. Our combined passion fuels our ambition for excellence, driving impact that resonates around the globe.


We are an equal\\-opportunity employer and celebrate diversity, recognizing that a diversity of thought and backgrounds builds stronger teams. We approach diversity and inclusion seriously and thoughtfully. We do not discriminate based on race, ethnicity, religion, color, place of birth, sex, gender identity or expression, sexual orientation, age, marital status, military service status, or disability status. Join us and be part of a company that is crafting the future of technology across multiple industries.


\\#Li\\-Remote","","https://www.glassdoor.fr/Overview/W-EI_IE10043058.htm","","","","","","","Chef de Projet","Reims, france"
"gd-1009624152811","glassdoor","https://www.glassdoor.fr/job-listing/j?jl=1009624152811","","Chef(fe) de Projet SI (H/F)","Reims habitat","Reims","2025-02-03","","direct_data","yearly",27367.0,27367.0,"EUR",False,"","","organic","","**À propos du poste**  
Vous souhaitez participer à la poursuite de notre transformation digitale et contribuer activement à l’évolution de nos systèmes en concourant à des projets stratégiques pour l’entreprise.

Vous aimez organiser, structurer, planifier, relever des défis et atteindre les objectifs qui vous ont été fixés.

Vous souhaitez participer au développement d’une expérience client interne ambitieuse.

Ce poste est fait pour vous !

Rattaché(e) à l’Adjoint de Direction en charge des Systèmes d’Information et intégrant une équipe composée de 7 collaborateurs/trices, vous êtes un véritable support envers l’ensemble des Directions, vous travaillez en étroite collaboration avec l’ensemble des collaborateurs/trices de l’entreprise dans une démarche de transversalité et de coopération.

Vos futures missions :

· Vous impulsez de nouveaux projets informatiques tant au niveau de l’ERP (PIH) que des logiciels périphériques, depuis leur phase de conception jusqu’à leur réalisation en coordonnant, pilotant et animant les ressources utiles pour les mener à terme dans un objectif de facilitation pour les utilisateurs.

· En tant que manager de deux développeurs (H/F), vous encadrez, accompagnez et motivez l’équipe sous votre responsabilité.

· En appui de votre manager, vous êtes le référent ERP PIH, vous veillez à son optimisation par votre connaissance de ses fonctionnalités et des process métiers.

***Ce que l’on attend de vous***

\\- Vous êtes diplômé d’un Master dans le domaine informatique ou en management des Systèmes d’Informations.

\\- Le développement n’a plus de secret pour vous et vous souhaitez désormais prendre en charge la responsabilité de la conduite de projets de développement en vous appuyant sur une équipe dédiée.

\\- Vous maîtriser les langages de programmation (SQL, PHP, JAVASCRIPT, HTLM, WINDEV) les méthodes d’analyse et outils de développement, les méthodologies et outils de modélisation (UML, Merise, …).

\\- Vous êtes capable de travailler en transversalité et en mode agile et maîtrisez les techniques de pilotage de projets (planning, budget, indicateurs) et de certains outils de PMO (MS Project).

\\- Force de proposition, vous disposez d’une capacité de compréhension de votre environnement de travail, d’un bon relationnel, d’un esprit synthétique et d’analyse.

\\- Vous faites preuve de flexibilité, d’adaptation et réactivité.

\\- Vous êtes autonome, rigoureux, pédagogue.

\\- Vous partagez nos valeurs.

Concrètement, en nous rejoignant :

\\- Vous bénéficierez d’un parcours d’intégration pensé spécialement pour vous et de formations tout au long de votre parcours professionnel.

\\- Vous développerez de nouvelles compétences grâce à la diversité de vos missions et par la mise en place de projets digitaux et innovants.

\\- Vous intégrerez un acteur social du territoire et un opérateur urbain polyvalent ayant pour mission d’aménager, de construire et de gérer des logements.

\\- Vous participerez à dynamiser le paysage urbain, œuvrer pour la satisfaction des clients et améliorer le confort des habitants qui nous font confiance pour leur logement.

\\- Vous adhérerez à notre ADN : l’humain et le territoire, créateur de cohésion sociale.

\\- Vous intégrerez une structure qui œuvre pour la Qualité de Vie au Travail (articulation vie pro/vie perso facilitée, télétravail, et plus encore !).

Vous bénéficierez d’un package de rémunération attractif (rémunération sur 13 mois, épargne salariale, titres restaurant, CSE attractif, une prise en charge à 75% de la mutuelle ainsi qu’à 75% des frais de transport en commun, forfait mobilité durable, prévoyance et retraite supplémentaire.

Type d'emploi : Temps plein, CDI  
Statut : Cadre

Rémunération : à partir de 27 367,00€ par an

Avantages :

* Intéressement et participation
* Prise en charge du transport quotidien
* RTT
* Travail à domicile occasionnel

Horaires :

* Du lundi au vendredi
* Travail en journée

Rémunération supplémentaire :

* 13ème Mois

Lieu du poste : En présentiel

Date limite de candidature : 06/03/2025","","https://www.glassdoor.fr/Overview/W-EI_IE1135379.htm","https://media.glassdoor.com/sql/1135379/reims-habitat-champagne-ardenne-squarelogo-1456826019070.png","","","","","","Chef de Projet","Reims, france"
"gd-1009624155426","glassdoor","https://www.glassdoor.fr/job-listing/j?jl=1009624155426","","Conseiller(ère) projets d’infrastructures et sols H/F","Proch'Emploi Chauny Tergnier La Fere","Longjumeau","2025-02-03","","direct_data","yearly",23951.0,70122.0,"EUR",False,"","","organic","","La plateforme Proch'Emploi Chauny Tergnier La Fère recherche pour la Chambre d'agriculture de l'Aisne un Conseiller projets d'infrastructures et sols H/F sur LAON.

Contexte :

La Chambre d’agriculture de l’Aisne compte 80 salariés qui assurent une mission de conseil, de diffusion de références techniques, de développement et de formation au service des agriculteurs, des aménageurs et des collectivités.  
Le Service Aménagement Rural contribue au développement du département en accompagnant les mutations du monde rural, le déploiement des équipements d’intérêt général et en assistant les agriculteurs, les collectivités locales et les entreprises, dans leurs projets.  
La Chambre d’agriculture de l’Aisne recherche un(e) Conseiller(ère) projets d’infrastructures et sols pour conforter son équipe Aménagement Rural. Il ou elle sera placé(e) sous l’autorité du Chef de service.

Missions :

Le développement de projets d'intérêt public sur le territoire de l'Aisne peut mobiliser le parcellaire agricole sous différentes formes : l'implantation de réseau d'électricité et de gaz, la création d'unités photovoltaïques, notamment.  
La contribution de l'agriculture et des agriculteurs à cet enjeu doit s'effectuer sans perte nette sur les productions en place et le potentiel agricole du territoire.  
Dans le cadre de ces projets, vous apportez votre expertise sol et votre connaissance des pratiques agricoles pour garantir le rétablissement dans son état initial des parcelles concernées par ces différents travaux. Par ailleurs, vos compétences sont mobilisées pour compléter le  
conseil dispensé par le service en matière d’irrigation et de la valorisation agricole des boues de stations d’épuration et de digestats de méthaniseurs. Vous bénéficiez de compétences en matière d'agriculture, d'agronomie et de projet, vous pouvez nous rejoindre pour nous aider à mettre en œuvre les solutions les plus adaptées.

Profil :

Ingénieur Agronome / Agricole ou équivalent, vous avez :  
\\- Des compétences en agronomie et pédologie,  
\\- Une connaissance des pratiques agricoles,  
\\- Une expérience souhaitée en conduite de projet,  
\\- La capacité à travailler en mode projet,  
\\- Une bonne capacité rédactionnelle et de synthèse.

Contrat :  
\\- Lieu de travail : LAON (02\\)  
\\- Mobilité : déplacements départementaux et régionaux  
\\- Permis VL  
\\- Contrat : CDD de 1 an  
\\- Entrée en fonction : dès que possible  
\\- 13e mois  
\\- Tickets restaurant  
\\- Mutuelle d’entreprise  
\\- 23 jours de RTT  
\\- Accord travail à distance

Type d'emploi : Temps plein, CDD  
Durée du contrat : 12 mois

Rémunération : 23 951,33€ à 70 121,61€ par an

Horaires :

* Du lundi au vendredi
* Travail en journée

Lieu du poste : En présentiel","","https://www.glassdoor.fr/Overview/W-EI_IE4518544.htm","https://media.glassdoor.com/sql/4518544/proch-emploi-squarelogo-1622721657253.png","","","","","","Chef de Projet","Reims, france"
"gd-1009619598571","glassdoor","https://www.glassdoor.fr/job-listing/j?jl=1009619598571","","Executive Project Manager","Improvado","","2025-01-31","","","","","","",True,"","","organic","","Improvado (AI Data Platform, $34M raised) is a data integration platform that simplifies the process of data extraction and manipulation from various marketing channels. **Our core values.****High\\-Velocity Delivery.** We operate in a high\\-energy, high\\-velocity environment where speed is married to efficiency. Rapid execution and delivery aren't mere buzzwords but inherent aspects of our work ethic. To stay at the forefront of the market, we need to consistently outperform by exemplifying the qualities of a '10X developer'.**Culture of A\\-players.** Our team is composed strictly of 'A\\-players' who abide by responsibility and accountability for their actions. We believe in the innate drive of such individuals and don't entertain micromanagement. Our A\\-players flourish when equipped with an exciting product and a high\\-quality team to accelerate execution.**Pioneering AI Products.** AI is at the core of our interest and operation, and we are proud to be forging the path in this captivating field. We've successfully built an industry\\-first AI agent for enterprises, a product that's not just an idea, but a functioning technology in production. This AI agent is actively creating value and transforming the way businesses operate. Despite the complexity and occasional uncertainties, we assure you that this environment will be the most stimulating workspace you'll ever find. **About the Role.**
The **Executive Project Manager** drives strategic projects across sales, marketing, and technology, reporting directly to the CEO. This role requires exceptional project management skills to coordinate high\\-priority initiatives, streamline communication, and ensure efficient execution of the CEO's vision.
### **Responsibilities.**

* Act as the central point of communication between the CEO and project teams, ensuring alignment and measurable progress.
* Oversee project timelines, deliverables, and budgets, proactively identifying and resolving risks.
* Push team members and stakeholders to meet deadlines and achieve project deliverables.
* Quickly adapt to evolving priorities and maintain seamless project management in a dynamic environment.

### **Required Qualifications**

* At least 1 year of experience on similar positions
* High IQ and demonstrated critical thinking abilities.
* Availability to work in the **Pacific Standard Time (PST)** zone, with flexibility to support the CEO’s schedule.
* Willingness to be available **24/7**, including weekends and holidays, to meet the demands of high\\-priority projects.
* Comprehensive understanding of **sales, marketing, and technology**, with the ability to integrate these domains effectively.
* Expertise in utilizing LLMs (GPT, Claude) for task automation.
* Ability to work independently under pressure and consistently meet deadlines.

### **Preferred Qualifications**

* Experience coding in **Cursor** to streamline and optimize workflows.
* Proficiency in **SQL / Python** for data analysis.
* **Verbal and written communication skills** in English.

### **What We Offer.**

* Remote\\-first environment
* Strong product/market fit: marketing data product for US\\-based enterprises
* 27 days of PTO per year
* US holidays and additional days off
* Extremely fun \\& open startup environment
* Professional development reimbursement","","https://www.glassdoor.fr/Overview/W-EI_IE3396302.htm","https://media.glassdoor.com/sql/3396302/improvado-squareLogo-1629452417823.png","","","","","","Chef de Projet","Reims, france"
"gd-1009615036043","glassdoor","https://www.glassdoor.fr/job-listing/j?jl=1009615036043","","Chargé(e) de projets photovoltaïques (H/F)","SAMSOLAR","Reims","2025-01-28","","","","","","",False,"","","organic","","✅**SAMSOLAR** est une entreprise spécialisée dans le développement et l'exploitation de centrales solaires photovoltaïques sur le territoire Français depuis plus de 15 ans.  

Elle compte déjà une puissance installée significative, ce qui atteste de son expertise dans le pilotage de ces projets.  

  

✅Filiale d'une importante société d'investissement Française, **SAMSOLAR** poursuit son développement à une vitesse soutenue, et structure pour cela ses équipes de développement de projets.  

  

✅**SAMSOLAR** possède une expertise transversale menée par une équipe aux **profils polyvalents et expérimentés**.
  

Elle développe des projets solaires et accompagne la transition énergétique grâce à la production d’énergie verte.
  

Les solutions proposées s’inscrivent dans les mutations de territoires tant sur le plan agricole qu’au niveau sociétal.

**Description du poste**
------------------------


✅  

Placé sous l’autorité du Directeur de projets, le Chef de projet ""énergies renouvelables"" assure la faisabilité des projets d'installation de centrales solaires au sol.  

  

En relation étroite avec les autres services internes, vous assurez la bonne conduite des projets et vérifiez leur viabilité (assise foncière, respect des contraintes, cohérence du projet, adéquation avec les outils d’aménagement territoriaux) ;  

  

Vous gérez la réalisation et la coordination des études (Etude écologique, étude d’impact, paysagère, études agricoles etc.) depuis la qualification de sites favorables jusqu'au dépôt et l'obtention des autorisations administratives ;  

  

Vous planifiez et pilotez l'élaboration de chaque projet en concertation avec les acteurs de la filière et dialoguez avec tous les intervenants concernés : les administrations et services de l'Etat, les riverains et propriétaires fonciers, les élus et associations. Vous suivez l’avancement des différentes phases et veillez au respect du planning de développement projeté (reporting).  

  

Vous initiez, organisez et animez les réunions de travail et de présentation afin d’assurer une concertation efficiente.

**Profil recherché**
--------------------


H/F de formation Bac \\+5 en **Géographie, Écologie, Ingénieur environnement,** vous justifiez d’une **expérience d'au moins 2 ans** en gestion de projets PV/ou études d'impact sur l’environnement.

**‼️DISPONIBILITÉ IMMÉDIATE‼️**  

  

**Savoir\\-faire :**  

Vous êtes motivé à travailler dans un environnement dynamique aux multiples aspects, vous êtes ouvert(e), d’esprit et autonome.


Vous possédez :

* Une bonne connaissance de la réglementation et évaluation environnementale sur des projets éoliens, parc photovoltaïque, méthanisation, routier, ZAC, carrières ;
* La capacité à mener plusieurs projets en parallèle de manière rigoureuse et exhaustive ;
* Un esprit d'analyse et de synthèse.
* Une bonne gestion du temps et des priorités
* De très bonnes qualités rédactionnelles ;
* Maîtrise du Pack Office ;


**Télétravail la majeure partie du temps** avec déplacements (voiture de fonction) sur les projets dont vous avez la charge.

  

**Déplacement 1 fois tous les 3 mois au siège de Valence** (possibilité de dormir à l'hôtel aux frais de l'entreprise)","","https://www.glassdoor.fr/Overview/W-EI_IE8484375.htm","","","","","","","Chef de Projet","Reims, france"
"gd-1009611894633","glassdoor","https://www.glassdoor.fr/job-listing/j?jl=1009611894633","","Alternance - Chef de Projet Digital F/H","Krug","Reims","2025-01-25","","","","","","",False,"","","organic","","### **Position**

L’histoire de la Maison Krug témoigne de l’incroyable aventure de Joseph Krug, son fondateur. Homme visionnaire doté d’une détermination sans faille et d’une philosophie exempte de tout compromis, il comprend l’essence même du champagne et bouleverse les règles établies. Depuis 1843, six générations de la famille Krug ont perpétué sa vision et enrichi son savoir\\-faire.


**Nous recherchons un(e) Alternant(e) Chef de Projet Digital**

### **Job responsibilities**

***Rattaché(e) à la Direction Communication et Marketing International, vos principales missions seront :***

* Gestion, animation et maintenance de l’écosystème digital international (site web, application mobile) : mise à jour des contenus visuels, des textes (multilingues), création de nouvelles pages
* Développement de nouvelles fonctionnalités au sein du site et de l’application mobile
* Participation à la création et l’implémentation des campagnes digitales
* Mise à jour et analyse des résultats mensuels de l’écosystème digital (application mobile, site web, réseaux sociaux, CRM), proposition de recommandations
* Animation du programme CRM (développement et envoi des emailings, création de consumer journeys, segmentation de la base de données, etc)
* Gestion de la relation avec les Agences (création, développement, traduction), les équipes internes et les marchés locaux
* Accompagnement de l’équipe sur l’ensemble des problématiques digitales (création de contenu, gestion des droits, e\\-retail, SEO, etc)
* Veille concurrentielle, contenu, digitale et Social Media
### **Profile**

**Profil :**

* Niveau M1 ou M2 avec spécialisation en digital
* Bénéficiant d’une première expérience sur une mission similaire en Agence ou chez un Annonceur (stage ou alternance)
* Forte appétence pour les problématiques digitales
* Bonne connaissance des contraintes techniques du web
* Maîtrise d’un CMS (de préférence Drupal 10 et Wordpress), Photoshop, Google Analytics, Pack Office (et notamment Excel)
* Anglais courant
* Qualités attendues : capacités analytiques prononcées, curiosité intellectuelle, autonomie, créativité, esprit d’équipe et proactivité
* Prévoir des déplacements réguliers à Reims
### **Additional information**

Localisation géographique : Paris (14 ème )


Poste à pourvoir : Septembre 2025


Durée : 1 an


Rythme espéré : 4 jours/1jour ou 3 semaines/1 semaine


***KRUG***
**MAISON**
---------------------

The House was established in Reims in 1843, by Joseph Krug, a visionary non\\-conformist with an uncompromising philosophy. Having understood that the true essence of Champagne is pleasure itself, his dream was to craft the very best Champagne he could offer, every single year, regardless of annual climate variations. Paying close attention to the vineyard’s character, respecting the individuality of each plot and its wine, as well as building an extensive library of reserve wines from many different years, allowed Joseph Krug to fulfil his dream.
  

With a very original approach to Champagne making, he decided to go beyond the notion of vintage to create the most generous expression of Champagne, every year. Thus, he founded a House in which all Champagnes are of the same level of distinction. Six generations of the Krug family have perpetuated this dream, enriching the founder’s vision and savoir faire.","","https://www.glassdoor.fr/Overview/W-EI_IE997322.htm","https://media.glassdoor.com/sql/997322/krug-squarelogo-1510674548458.png","","","","","","Chef de Projet","Reims, france"
"gd-1009573408093","glassdoor","https://www.glassdoor.fr/job-listing/j?jl=1009573408093","","Responsable projets Imagerie médicale - Région Grand Est (h/f/nb)","Siemens Healthineers","Reims","2024-12-20","","","","","","",False,"","","organic","","Rejoignez\\-nous dans l'innovation de la santé. Pour chacun. Où qu’il soit. Durablement.

  

Notre environnement de travail inspirant et bienveillant cultive une communauté qui promeut la diversité et l'individualité. Nous vous encourageons à donner le meilleur de vous\\-même en vous offrant des ressources et une flexibilité favorisant votre évolution professionnelle et personnelle, tout en valorisant votre performance.


Postulez dès maintenant pour le poste de **Responsable projets Imagerie médicale Grand Est.**

 **Votre rôle :**

* La gestion de l'offre en avant\\-vente : Vérifier les contraintes techniques données par les usines en fonction du besoin client et établir le chiffrage des travaux à réaliser ;
* Le Management de plusieurs projets en parallèle : Project planning, reporting et controlling : Vous respectez le budget et les procédures de mise en œuvre qui assurent la qualité du projet et vous réalisez des reporting réguliers de la progression des projets ;
* Gestion des risques et litiges : Vous identifiez, évaluez et mettez en place un reporting des risques inhérents aux projets et des coûts de non\\-conformité (NCC) ; vous êtes responsable de la résolution des litiges clients ou fournisseurs avec l'aide de votre management ;
* Vous coordonnez l’ensemble des processus et collaborer étroitement avec les parties prenantes internes et externes pour la mise en œuvre des projets ;
* Gestion de la rentabilité : Vous êtes responsable de la viabilité économique du projet ; vous effectuez un suivi économique et financier en lien avec le management et les responsables du Business Administration ; et vous gérez les informations utiles au déclenchement de la réception des prestations, de la facturation, etc...
* La Communication : Vous veillez à une bonne communication avec les différents interlocuteurs, internes et externes, pour permettre une meilleure coordination des projets.

  

Ce poste en CDI est rattaché au siège social de Courbevoie (92\\). Vous habitez dans la région Grand Est (département 08/51/55/54/10/52\\), des déplacements occasionnels sont à prévoir le territoire national.


Statut : Cadre

 **Votre expertise :**

* Vous êtes titulaire d’un diplôme d’ingénieur ou équivalent dans le domaine du BTP / Biomédical / Travaux / Bâtiment OU d’une expérience confirmée dans ces domaines ;
* Vous êtes organisé et justifiez d’une expertise en tant que Chef de Projets, Ingénieur Biomédical ou équivalent ;
* Vous avez de bonnes compétences en chefferie de projets et en évaluation des risques et opportunités avec des connaissances des dispositifs imagerie médicale ;
* Vous avez une connaissance des pratiques en comptabilité et en signature des contrats de projets ;
* Vous maîtrisez l’anglais à l’oral comme à l’écrit (échanges réguliers avec la maison mère en Allemagne).

 ***Diversité, Equité et Inclusion sont des valeurs fortes qui font notre richesse au quotidien. Nous nous engageons à étudier toutes les candidatures dans le respect de nos valeurs et la transparence.***

 **Besoin d’aide pour postuler ?**


Responsable du recrutement : Adrien Tual

  

Pour faciliter l’étude de votre candidature, nous vous invitons à éviter les contacts par mail ou réseaux sociaux et privilégier notre site emplois et carrières. Cependant si vous rencontrez le moindre problème lors de votre candidature, n’hésitez pas à nous contacter en direct.


Pour en savoir plus sur nous, jetez un œil sur notre site

 **Qui sommes nous :**


Le portefeuille de solutions innovantes de Siemens Healthineers joue un rôle central dans la prise de décision clinique et dans le parcours de soins du patient. Nous sommes une équipe de 71 000 employés hautement dévoués, présents dans plus de 70 pays, qui repoussent les limites du possible dans le domaine des soins de santé pour aider à améliorer la vie des gens partout dans le monde.

 **Notre façon de travailler :**


En rejoignant Siemens Healthineers, vous devenez membre d'une équipe globale de scientifiques, de cliniciens, de développeurs, de chercheurs, de professionnels et de spécialistes qualifiés, qui croient au potentiel de chaque individu à contribuer avec des idées diverses. Nous venons de différents horizons, cultures, religions, orientations politiques et/ou sexuelles, et travaillons ensemble pour lutter contre les maladies les plus menaçantes du monde et permettre l'accès aux soins, unis par un seul objectif : innover dans le domaine des soins de santé. Pour chacun. Où qu’il soit. Consultez notre site Carrières sur https://www.siemens\\-healthineers.com/fr/careers

  

En tant qu'employeur offrant des opportunités égales, nous encourageons les candidatures de personnes en situation de handicap.

  

Nous accordons une grande importance à la confidentialité de vos données et prenons au sérieux la conformité au RGPD ainsi qu'à d'autres législations sur la protection des données. Pour cette raison, nous vous demandons de ne pas nous envoyer votre CV par e\\-mail. Veuillez plutôt créer votre profil au sein de notre communauté de talents et vous abonner aux alertes d'emploi personnalisées qui vous tiendront informé(e) des nouvelles opportunités.

 **À toutes les agences de recrutement :**


Le recrutement chez Siemens Healthineers est géré en interne, avec un soutien externe autorisé uniquement lorsqu’un fournisseur qualifié a établi un contrat formel avec nous. Les soumissions et les recommandations de candidats non sollicitées, en l'absence d'un contrat de fournisseur actuel, ne constituent pas un consentement et ne sont pas éligibles aux frais. Nous supprimons et détruisons les informations non sollicitées, nous vous recommandons donc de vous abstenir de toute pratique de ce genre. Votre respect de nos politiques est apprécié.

  

Les entités France Siemens Healthineers, Varian et Petnet sont certifiées Great Place to Work® et reconnues comme des entreprises où il fait bon travailler !","","https://www.glassdoor.fr/Overview/W-EI_IE1317005.htm","https://media.glassdoor.com/sql/1317005/siemens-healthineers-squareLogo-1736444535837.png","","","","","","Chef de Projet","Reims, france"
"gd-1009564680817","glassdoor","https://www.glassdoor.fr/job-listing/j?jl=1009564680817","","Chef de projet cybersécurité REIMS","GIP PULSY","Reims","2024-12-13","","direct_data","yearly",32000.0,42000.0,"EUR",False,"","","organic","","**FORME ET PRÉSENTATION :**

Homme / Femme / Travailleur en situation de handicap

**DANS QUEL CAS LE CHEF DE PROJET CYBERSÉCURITÉ EST\\-IL PRESCRIT ?**

Le chef de projet cybersécurité définit, met en œuvre et conduit des projets de déploiement de solutions et d’outils de sécurité au sein de l’organisation de Pulsy, des structures de santé et des services médico\\-sociaux du Grand Est, en lien avec les objectifs de sécurité fixés par Pulsy.

Il est chargé de superviser les différentes phases d’un projet de cybersécurité, de la conception au déploiement.

Il participe activement au maintien des certifications de sécurité en vigueur au sein de Pulsy.

**Le chef de projet cybersécurité aura pour missions de :**

* Accompagner les établissements et professionnels des secteurs sanitaire et médico\\-social du Grand Est
* Piloter la mise en œuvre des projets régionaux cybersécurité,
* Promouvoir et suivre les actions du programme CaRE (Cybersécurité accélération et Résilience des Etablissements) dans les établissements sanitaires et structures médico\\-sociales,
* Apporter son expertise et accompagner les établissements dans le pilotage de projets cybersécurité,
* Faciliter le partage d’expérience entre les acteurs de l’écosystème : animer, créer, un ou plusieurs « groupes » d’échanges et/ou de travail, assurer le suivi de la maturité cyber du territoire et produire des indicateurs de performance,
* Contribuer à l’élaboration de l’offre de services portée par le Centre régional de ressources cybersécurité et la déployer à destination des établissements du Grand Est.

**Renforcer le pôle sécurité dans ses activités cybersécurité et conformité HDS :** 

* Participer au renouvellement et au maintien en conditions opérationnelles des certifications sécurité de Pulsy ;
* Piloter des tests techniques et audits sur les environnements Pulsy ;
* Identifier les besoins de sécurité et les risques pour les nouveaux projets ;
* Organiser et animer les réunions avec les différents acteurs projets ;
* Apporter des réponses aux incidents de sécurité ;
* Sensibiliser et former les collaborateurs à la sécurité des systèmes d’information ;
* Informer et communiquer autour des enjeux et pratiques de sécurisation des systèmes d’information.

**COMPOSITION :**

Doté d’excellentes capacités d’analyse et de synthèse, le chef de projet cybersécurité est à l’écoute de ses interlocuteurs et sait déterminer leur besoin.

Issu d’une formation Bac \\+5 dans le domaine des Systèmes d’informations avec spécialisation sur la sécurité ou la certification SSI, le chef de projet cybersécurité maîtrise les normes (ISO 27001\\) et procédures de sécurité, ainsi que les outils et technologies associées (firewall, antivirus, filtrage d’url etc.). Il a une connaissance approfondie des concepts et techniques de sécurisation d’architecture des systèmes et des réseaux ainsi qu’une bonne connaissance du domaine de la santé et la e\\-santé.

**INTERACTIONS** :

Le chef de projet cybersécurité est rattaché au responsable du pôle Sécurité des systèmes d’information.

**POSOLOGIE :**

Posologie usuelle : CDI temps plein – 39h avec RTT

Télétravail ponctuel autorisé

Des déplacements sont à prévoir sur la région dans les établissements et structures

**EFFETS INDESIRABLES :**

Aucun

Type d'emploi : Temps plein, CDI  
Statut : Cadre

Rémunération : 32 000,00€ à 42 000,00€ par an

Rémunération supplémentaire :

* Prime annuelle

Formation:

* Bac \\+5 (Master / MBA) (Optionnel)

Lieu du poste : Télétravail hybride (51100 Reims)","","https://www.glassdoor.fr/Overview/W-EI_IE6170469.htm","","","","","","","Chef de Projet","Reims, france"
"gd-1009558462267","glassdoor","https://www.glassdoor.fr/job-listing/j?jl=1009558462267","","MANAGER(EUSE) DE PROJET H/F","Sodexo","Reims","2024-12-09","","direct_data","yearly",37500.0,37500.0,"EUR",False,"","","organic","stephanie.moldowan@sodexo.com, steve.zinzius@sodexo.com","Informations générales


MANAGER(EUSE) DE PROJET H/F


Chez Sodexo, nous restons attachés à notre Raison d'Etre, depuis notre création en 1966 par Pierre BELLON : Offrir un quotidien meilleur pour construire une vie meilleure pour tous.  

  

Chez Sodexo, chaque mission est une opportunité de faire une différence.  

  

Devenez MANAGER DE PROJET H/F et prenez part à une aventure humaine unique, au sein d'un site d'exception du segment Restauration \\& Services !  

  

Rejoignez\\-nous pour piloter des projets ambitieux, avec une vision globale et un engagement envers l'excellence opérationnelle.
REIMS/EPERNAY 

CDI

 Temps Complet


**VOTRE QUOTIDIEN CHEZ NOUS :**
-------------------------------


Nous recherchons notre futur(e) **MANAGER(EUSE) DE PROJET F/H** pour l'un de nos sites prestigieux situés à REIMS/EPERNAY (51\\).
Vous serez rattaché(e) directement à Stéphanie MOLDOWAN, notre Responsable régionale.
Véritable chef d’orchestre des projets clés du site, vous interviendrez sur des missions variées :* **Gestion de projets stratégiques** : pilotage des opérations avec rigueur, prise de recul et capacité d’adaptation face à un volume d’activité temporaire élevé
* **Expertise et organisation des vendanges** : logistique, création de restaurants éphémères, gestion des aspects techniques et conformité réglementaire *(sécurité alimentaire et sécurité au travail)*
* **Optimisation des ressources** : coordination efficace des moyens humains et matériels, tout en identifiant des solutions innovantes
* **Fédérer les parties prenantes** : animation des réunions, suivi des collaborations avec les équipes internes, fournisseurs et partenaires externes
* **Anticipation des imprévus** : élaboration de plans d’actions concrets pour répondre rapidement aux aléas
* **Soutien à l’amélioration continue** : mise en place de nouvelles pratiques, en partageant vos retours d’expérience et propositions


**NOTRE PROPOSITION**
---------------------


**POSTE A POURVOIR EN CDI A TEMPS PLEIN DES QUE POSSIBLE**
En rejoignant Sodexo, vous bénéficiez :* **D’une rémunération attractive** : à partir de 37,5K€ brut/an selon votre profil et expérience


\\- **D’un cadre de travail stimulant** : du lundi au vendredi, horaires indicatifs (9h00 \\- 17h00\\), sauf en période de vendanges (env. 15 jours par an)  

* **D’un environnement valorisant et inclusif** : chaque talent compte, quel que soit son parcours ou la situation de chacun(e)
* **De réelles opportunités d’évolution pour grandir au quotidien** : formations continues et accompagnement personnalisé


**VOTRE APPORT :**
------------------


**Votre expérience fait toute la différence !**Nous recherchons un(e) **Manager de Projet F/H** avec :* Une **expérience significative en gestion de projets**, dans un environnement exigeant. Une expertise en logistique ou en restauration est un atout, mais pas indispensable.
* Une **excellente capacité d’adaptation**, notamment face à un volume d’activité temporaire élevé.
* Un **sens du relationnel** développé, **capable de fédérer** et de **collaborer avec des interlocuteurs variés** (direction, équipes, clients, partenaires).
* Une grande **autonomie**, **organisation** et **rigueur** pour gérer les priorités efficacement.
* Une **maîtrise des outils et méthodologies de gestion de projets** (idéalement Lean Management)
* Une **formation supérieure en management de projet** (type Ingénieur ou Master 2\\) **serait un plus**
* **Permis B obligatoire** : déplacements ponctuels à prévoir

**Ce qui vous attend :**  

Un environnement où l’**Esprit d’équipe, de service, et de progrès** sont au cœur de tout ce que nous entreprenons.
  

**Chez Sodexo, nous valorisons vos talents et nous vous accompagnons pour révéler votre potentiel !****Rejoignez\\-nous et devenez un acteur clé de notre succès !****Intéressé(e) ?**  

**Postulez dès maintenant** ou **contactez directement** :* **Stéphanie MOLDOWAN**, Responsable Régionale Sodexo Restauration \\& Services, stephanie.moldowan@sodexo.com
* **Stève ZINZIUS**, Manager Acquisition des Talents Sodexo Grand Est, steve.zinzius@sodexo.com

  


**3500** sites \\| **30 000** collaborateurs


45 pays \\| **430 000** collaborateurs
 **1****er** employeur privé français  

dans le monde","","https://www.glassdoor.fr/Overview/W-EI_IE10351.htm","https://media.glassdoor.com/sql/10351/sodexo-squarelogo-1627548343929.png","","","","","","Chef de Projet","Reims, france"
"gd-1009549313482","glassdoor","https://www.glassdoor.fr/job-listing/j?jl=1009549313482","","Chef de projet Ingénierie H/F","Actual Talent Industrie","Bezannes","2024-12-02","","","","","","",False,"","","sponsored","","### **Description du poste**

**Que diriez\\-vous de rejoindre GRDF pour contribuer à façonner** l'avenir énergétique en innovant autour du biométhane, une énergie renouvelable au cœur de la transition énergétique et de l'environnement !


GRDF, acteur majeur de la transition énergétique en France, recherche Un**Chef de Projet Ingénierie**H/F pour accompagner la croissance de son Agence Régionale basée à Bezannes.

  

En tant que **Référent(e) technique** auprès d’une équipe d’une dizaine de collaborateurs, vous êtes **au cœur des projets d'ingénierie** liés à la conception, la construction, le renouvellement et l'extension des ouvrages gaziers, en garantissant la sécurité, la qualité et la satisfaction des parties prenantes.

**Vos missions principales :**

* **Piloter leschantiers complexes**et gérer un portefeuille d’affaires, depuis les études techniques, administratives et financières jusqu’à la clôture des travaux.
* **Assurer laconformité des projets**, de la conception à la mise en service, tout en respectant les budgets alloués.
* **Garantir la****qualité des travaux**, en veillant à la sécurité, au respect de l’environnement et aux délais impartis.
* **Animer** **le réseau** des Chargés d’Affaires au sein de la Direction Réseaux Est, avec un focus sur les chantiers de renouvellement complexes.
* **Collaborer avec les collectivités locales** et contribuer à la satisfaction des clients, en appliquant les plans de prévention et les règles de sécurité.
* Proposer et promouvoir des**solutions techniques innovantes**pour l’amélioration continue des réseaux.

### **Description du profil**


De formation type Ingénieur (Génie Civil, Energétique, Industriel…), vous avez acquis une expérience significative en gestion de projets dans un univers mature et exigeant (organisation par affaires), avec une expérience solide sur du pilotage de chantiers.

**Vos atouts pour le poste :**

* **Bon communicant et orienté(e) satisfaction client,** vous avez une forte appétence pour la technique et le goût du terrain**.**
* De par **votre rigueur, votre organisation, votre esprit d’équipe et votre Leadership**, vous garantissez un suivi méthodique de vos dossiers tout en fédérant des équipes autour d’objectifs communs.
* Enfin, votre **capacité d’innovation** vous permettra de répondre aux défis techniques de demain!
* **La maîtrise des outils informatiques**, notamment les logiciels de gestion de projet est un plus pour accompagner la structuration de l’agence régionale.

**Pourquoi rejoindre GRDF ?**

* Vous intégrerez une entreprise engagée dans la transition énergétique et attentive à ses collaborateurs.
* Cet emploi est ouvert à toutes et tous, conformément à ses engagements en faveur de la diversité et de l’inclusion, notamment pour les personnes en situation de handicap.

**Vous rejoignez des équipes passionnées, qui ont à cœur de proposer des solutions innovantes!**","","https://www.glassdoor.fr/Overview/W-EI_IE1063877.htm","https://media.glassdoor.com/sql/1063877/groupe-actual-squareLogo-1716534643777.png","","","","","","Chef de Projet","Reims, france"
"gd-1009520917594","glassdoor","https://www.glassdoor.fr/job-listing/j?jl=1009520917594","","CHEF DE PROJET CVC PLOMBERIE (H/F)","Phosphoris","Reims","2024-12-02","","direct_data","yearly",44000.0,52000.0,"EUR",False,"","","organic","","Portés par notre développement, nous sommes à la recherche d’un(e) **Chef de Projet CVC Plomberie** (F/H).

  

 Description du poste

* Gestion des relations financières et techniques avec les différents intervenants (Clients, fournisseurs, équipes de maîtrise d’œuvre et/ou entreprises de conception et sur chantier) ;
* Diagnostic et audit énergétique ;
* Conception de l’esquisse à dossier de consultation ;
* Analyse des offres des entreprises ;
* Suivi des travaux et réception.
* De formation Bac\\+5 \\- École d’ingénieurs ou équivalence universitaire ;
* Une expérience de **10 ans** est requise, et une expérience réussie dans un bureau d'études serait un plus;
* Maîtrise du Pack Office ;
* Maîtrise de Revit, AutoCad et ClimaWin ;
* Connaissances de Pléiade, Comfie ou encore Design Builder seront un plus ;
* Maîtrise des règles de l’art (Normes et DTU) ainsi que du CMP ;


Pourquoi nous rejoindre ?

* **Ambiance conviviale** : En tant que PME, nous offrons un cadre de travail à taille humaine, où l'entraide et la bonne humeur sont toujours au rendez\\-vous.
* **Formation continue** : Nous encourageons nos collaborateurs à se former en permanence pour évoluer et monter en compétences.
* **Projets d'envergure** : Avec des missions variées, vous ne cesserez jamais d'apprendre.


Qui sommes nous ?

**Qui sommes nous ?**  

  

Le **Bureau d’Études Alain Garnier**, fondé en 1982 et situé à **Reims**, est spécialisé dans le bâtiment, notamment dans les domaines de l’**énergie** et des **fluides**. En 2014, il rejoint le **Groupe PHOSPHORIS** pour renforcer son expertise. Depuis, nos équipes conçoivent des solutions innovantes en intégrant des équipements techniques performants, des systèmes efficients notamment par vecteur air ️ et une architecture bioclimatique qui met en valeur la lumière naturelle et les volumes tampons.","","https://www.glassdoor.fr/Overview/W-EI_IE6552847.htm","","","","","","","Chef de Projet","Reims, france"
"gd-1009549562628","glassdoor","https://www.glassdoor.fr/job-listing/j?jl=1009549562628","","Un(e) Chef de grand projet électricité (F/H)","Eiffage Énergie Systèmes","Gueux","2024-12-02","","","","","","",False,"","","organic","","**Vos missions**
----------------


Pour Eiffage Energie Systèmes, le pôle Champagne Ardenne spécialisé en génie électrique recrute:

**Un(e) Chef de grand projet électricité (F/H)**


CDI

**Poste basé à Reims (51\\) ou Troyes (10\\)**


Rattaché au directeur de pôle Champagne Ardenne vous aurez pour mission la gestion des grands projets en électricité tertiaire et/ou industrielle sur le périmètre de la Champagne Ardenne.


Vos mission seront les suivantes

**Dès la phase d’étude :**

* Vous **participez** aux **études de faisabilité** du projet.
* Vous **analysez et identifiez**les risques éventuels (administratif, juridique, commercial, financier, sécurité) et **assurez** la **planification** prévisionnelle du projet.

**Pendant la réalisation :**

* Vous **assurez et pilotez** les relations avec les clients et les maîtres d ‘ouvrages.
* Vous **coordonnez** toutes **les étapes du projet** : *études, achats, revues, production travaux, mise en service et réception*
* Vous **veillez**au respect des **obligations règlementaires** et procédures internes.
* En tant que**gestionnaire**, vous **budgétez, assurez le suivi d’avancement du projet** *(délais, respect du contrat, planning, …)* ainsi que le **reporting** auprès de votre direction.

**Jusqu’à la livraison :**

* Vous **validez**la gestion administrative et financière globale du projet
* Vous **participez** activement aux **opérations de mise à disposition**et de **réception** du projet.

**Votre profil**
----------------


De formation supérieure Bac \\+ 3 à Bac \\+5 vousavec une forte appétence dans**la gestion de projet**, vous possédez **minimum 5 ans d’expérience sur un poste similaire,**dans le domaine de la gestion de projet électrique ou dans le domaine de la construction.


Votre parcours professionnel témoigne de gestion de projets de grande envergure alliant expertise, innovation, performance, efficience, qualité et respect des normes en vigueur.


Votre sens de l’organisation, vos capacités de gestion, d’anticipation, votre créativité et votre leadership vous permettent de mener à bien vos projets et en assurer le succès et la performance.

**Pourquoi postuler ?**

* *Nous sommes un groupe solide avec un collectif fort et soudé : plus de 80 % des collaborateurs sont actionnaires de l’entreprise.*
* *Notre maillage local nous assure une expertise de proximité avec nos clients*
* *Pour le partage d’expertise, d’innovations et stratégie commerciale au sein du groupe*
* *Rejoindre un groupe au sein duquel chacun est invité à se surpasser tout en étant accompagné*
* *Des opportunités de carrières stimulantes dans un environnement en croissance*
* *Salaire brut fixe selon votre profil, 13ème mois, prime vacances, primes de participation et d’intéressement, tickets restaurant, avantages groupe Eiffage (mutuelle, CE, actionnariat salarié…), .*

**Égalité professionnelle, diversité et inclusion: nous accueillons et valorisons vos talents.**

**A vous d’inventer un avenir à taille humaine.**

**\\#Espritdefamille \\#HumanPerspective**

**Rejoignez\\-nous !**


**À propos de nous**


Eiffage Énergie Systèmes conçoit, réalise, exploite et maintient des systèmes et équipements en génies électrique, industriel, climatique et énergétique dans le respect des Hommes et de l'environnement.  

Eiffage Énergie Systèmes propose une offre sur mesure pour les marchés de l’industrie, des infrastructures et réseaux, des villes et collectivités et du tertiaire.  

  

Eiffage Énergie Systèmes, présente dans près de 50 pays, s’appuie sur l’expérience de plus de 33 000 collaborateurs et a réalisé un chiffre d’affaires de 5,9 milliards d’euros en 2023\\. Eiffage Énergie Systèmes anticipe les évolutions de ses clients en proposant des solutions innovantes et les accompagne dans leurs transitions numérique et bas carbone.  

  

Intégrer Eiffage Énergie Systèmes, c’est rejoindre une entreprise dynamique qui encourage l’initiative, valorise le potentiel créatif, développe les compétences de chacun et s’engage au quotidien en matière de responsabilité sociétale et environnementale.  

  

Être collaborateur d’Eiffage Énergie Systèmes, c’est vivre et faire vivre nos valeurs communes et une culture d’entreprise forte au sein d’un groupe dont plus de 80% des salariés sont actionnaires.  

  

Envie de rejoindre une grande entreprise qui a tous les atouts d’une petite, un Groupe à l’esprit de famille unique.


\\#EspritDeFamille \\#Together \\#TousDifférents \\#BasCarbone



') .replace(/
\\<\\\\/p\\>/g, '


'); if (originalHTML \\=\\=\\= modifiedHTML) { return; } isMutating \\= true; observer.disconnect(); paragraphElement.innerHTML \\= modifiedHTML; const emptyParagraphs \\= paragraphElement.querySelectorAll('p'); emptyParagraphs.forEach(p \\=\\> { if (p.textContent.trim() \\=\\=\\= '') { const emptySpaceDiv \\= document.createElement('div'); emptySpaceDiv.className \\= 'empty\\-space'; p.replaceWith(emptySpaceDiv); } }); isMutating \\= false; observer.observe(paragraphElement, { childList: true, subtree: true }); }, 100\\); }; const observer \\= new MutationObserver(() \\=\\> { if (!isMutating) { cleanAndReplaceEmptyParagraphs(); } }); observer.observe(paragraphElement, { childList: true, subtree: true, }); cleanAndReplaceEmptyParagraphs(); } });
### **Partager**


* Partager sur Facebook
* Partager sur Linkedin
* Partager sur Twitter
* Partager par email
Vos bénéfices
* Un environnement de travail bienveillant.
* Des parcours de carrières stimulants et diversifiés.
* Une culture d'entrepreneur, au plus proche des territoires.
* La possibilité de contribuer concrètement à la transition écologique et énergétique.
* Un Groupe riche de diversités qui donne sa chance à chacun.
* Chaque collaborateur a la capacité de s'impliquer dans l'actionnariat du Groupe.
* Un grand groupe à taille humaine.
Liens utiles
* Notre processus de recrutement
* L'université Eiffage
* Engagements environnementaux","","https://www.glassdoor.fr/Overview/W-EI_IE1330654.htm","https://media.glassdoor.com/sql/1330654/eiffage-énergie-systèmes-squareLogo-1718011680925.png","","","","","","Chef de Projet","Reims, france"
"gd-1009520917341","glassdoor","https://www.glassdoor.fr/job-listing/j?jl=1009520917341","","CHEF DE PROJET ÉLECTRICITÉ CFO/CFA (H/F)","Phosphoris","Reims","2024-12-02","","direct_data","yearly",44000.0,52000.0,"EUR",False,"","","organic","","En pleine expansion, PHOSPHORIS recrute un(e) Chef de Projet Électricité CFO/CFA (F/H) pour rejoindre son équipe dynamique !

  

 Ce **que vous allez faire chez nous**

* Accompagnement en visites de prospection (Maîtres d’ouvrages, Architectes…) ;
* Proposition de solution techniques, d’argumentaires ;
* Proposition de missions et du montant des honoraires ;
* Établissement des DIAG, APS, PRO, DCE, EXE, VISA, AOR…
* Définition technique du besoin des clients et des projets de réalisation ;
* Suivi des opérations jusqu’aux « livrables » aux différents Clients ;
* Encadrement du personnel d’études mis à disposition des techniciens, de la main d’œuvre et en particulier des sous\\-traitants ;
* Implication sur la mise en place de procédures d’assurance qualité ;


Le **profil idéal**

* De formation Bac\\+3/4/5 \\- École d’ingénieurs ou équivalence universitaire avec une spécialisation en Electricité ;
* Une expérience de **10 ans** est requise, et une expérience réussie dans un bureau d'études serait un plus ;
* Expérience dans l’hospitalier et l’industrie ;
* Maîtrise de Dialux EVO, Autocad, Caneco, Ecodial et Rapsodie. Connaissances de Revit ;
* Votre autonomie, aisance relationnelle et capacité à travailler en équipe avec les différents intervenants seront vos meilleurs atouts pour réussir votre mission ;

**Pourquoi vous allez adorer travailler chez nous ?**


 Une ambiance **familiale**, où chacun a un rôle à jouer, et où vous ne serez jamais un simple numéro !  

Vous participerez à des projets passionnants, **techniques et variés**, même à l’international ! ✈️  

Un cadre de travail **formateur**, pour monter en compétences et évoluer rapidement.


Qui sommes nous ?

**Qui sommes nous ?**  

  

**PHOSPHORIS** ! Une PME où l’innovation est au cœur de tout ce que nous faisons. Nous sommes spécialisés dans le conseil en **efficience énergétique**, la **qualité de l’air**, et la **dépollution industrielle**. Et ce n’est pas tout ! Nous ajoutons une touche d'**architecture urbaine** pour créer un monde plus durable.  

  

D'origine 100% **française** , nous avons étendu notre savoir\\-faire à l'international avec des implantations en Chine, Asie centrale, Maroc et Afrique de l’Ouest.","","https://www.glassdoor.fr/Overview/W-EI_IE6552847.htm","","","","","","","Chef de Projet","Reims, france"
"gd-1009484443812","glassdoor","https://www.glassdoor.fr/job-listing/j?jl=1009484443812","","Chef de Projets Etudes Industrielles","Groupe Technic-Assistance","Reims","2024-11-30","","direct_data","yearly",40000.0,50000.0,"EUR",False,"","","sponsored","","Dans le cadre du développement de notre bureau d’études, nous recrutons un chef de projet expérimenté en études et réalisations industrielles.


Votre rôle sera de réaliser et piloter des études avec la responsabilité directe des affaires et la coordination d'une partie des équipes du bureau d'études.


Vous justifiez d’une expérience d’au moins 10 ans avec idéalement des connaissances approfondies en tuyauterie ou structures métalliques.


Vous rejoindrez une équipe d’ingénieur et techniciens d’environ 20 personnes.


Le poste est basé à Reims avec quelques déplacements ponctuels.


Autonome, rigoureux, méthodique, curieux, aptitude au travail en équipe et au pilotage d’activité, capacité de reporting.


Logiciels :

* Autocad 2D souhaité.
* Logiciels 3D généraliste (Autocad 3D ou SolidWorks) appréciés.
* Titres Restaurant
* Chèques Vacances


SX\\-IND


Qui sommes nous ?


Le Groupe **TECHNIC ASSISTANCE** accompagne les industries dans leur stratégie de développement, d’innovation technologique et de gestion de l'Energie.  

  

Avec **120 techniciens et ingénieurs** répartis sur ses **6 agences régionales** et ses 3 entités (TECHNIC ASSISTANCE, REFLEX INGENIERIE, TERMIC), il est devenu un acteur incontournable du secteur industriel par sa méthodologie et son professionnalisme.  

  

Notre savoir\\-faire et notre état d’esprit nous ont permis de devenir de véritables partenaires auprès de nos clients. Depuis 20 ans, nous réussissons à obtenir la confiance et la satisfaction de nos clients dans tous les secteurs d’activités, permettant notre solide développement.  

  

Notre stratégie est de travailler consciencieusement dans le long terme afin de capitaliser chaque expérience acquise pour garantir la compétitivité de nos entreprises et donc celles de nos clients.  

  

Le respect de nos clients et de nos salariés est apprécié de chacun de nos nouveaux collaborateurs. Vous possédez de sérieuses qualités professionnelles, de leadership, d’adaptabilité face à toutes les situations et un excellent savoir être, alors rejoignez nous.  

  

http://www.technic\\-assistance.fr/","","https://www.glassdoor.fr/Overview/W-EI_IE4901719.htm","https://media.glassdoor.com/sql/4901719/groupe-technic-assistance-squarelogo-1644400733791.png","","","","","","Chef de Projet","Reims, france"
"gd-1009423605538","glassdoor","https://www.glassdoor.fr/job-listing/j?jl=1009423605538","","Chef de Marché Industrie (H/F)","CGR","Tinqueux","2024-11-26","","","","","","",False,"","","organic","","Vous êtes **passionné(e) par le marketing produit et client** ? Vous avez une appétence pour **les produits techniques industriels, du bâtiment** ? CGR recherche son/sa futur(e) **Chef de Marché Industrie (H/F)** pour rejoindre son équipe Marketing basé à Tinqueux (51\\).

  

Rattaché(é) à la Responsable Marketing Marché, vous intégrerez une équipe de 3 personnes, où vous aurez la charge du développement des gammes de produits confiées dans le respect de la stratégie commerciale et marketing de CGR.

**Vous serez le porte\\-parole de votre marché spécialisé dans le génie climatique.**

  

Votre quotidien :

* Conduire l'analyse stratégique sur vos gammes de produits notamment en robinetterie industrielle pour répondre aux tendances et aux évolutions du marché
* Construire et développer l'offre produits, et en assurer le suivi : mise en place du plan d'action, conduite des analyses commerciales, collaboration avec les équipes achats et approvisionnements, proposition d'ajustements et d'améliorations continue de l'offre.
* Participer et animer des réunions projets avec le réseau commercial, logistique, achats, approvisionnement etc.
* Gérer le marketing opérationnel et les lancements des produits.
* Élaborer le plan marketing associé à l'offre, en étroite collaboration avec le service communication (construction de la stratégie commerciale produit et de l'argumentaire de vente, construction du cahier des charges commercial...).
* Assurer une veille concurrentielle et technologique pour anticiper les besoins des clients et orienter vos actions.


Le marché du Génie Climatique n’a plus de secret pour vous, l’environnement industriel vous passionne ? Alors venez rejoindre une équipe dynamique et contribuer à développer nos parts de marché.


Doté(e) d'un excellent relationnel, vous savez créer, construire et développer des relations sur le long terme avec vos interlocuteurs internes et externes.

  

De nature curieuse, vous êtes rigoureux(se) et organisé(e) dans un objectif d’apporter des solutions. Vous êtes reconnu pour vos analyses pertinentes et votre réactivité. Votre capacité à proposer des idées novatrices sera valorisée dans un environnement stimulant où l’autonomie et la prise d’initiative sont encouragées.

  

Vous maîtrisez parfaitement le Pack Office et plus particulièrement Excel.

  

Pour réussir dans ce rôle, voici le profil recherché :

* Expérience significative dans le milieu du bâtiment/industrie
* Une expertise reconnue en distribution B2B
* Solide expérience préalable en tant que chef de marché
* Aptitudes avérées pour l’analyse stratégique et la gestion de projet
* Charisme naturel permettant une aisance relationnelle autant avec les équipes internes qu’avec nos partenaires externes.

  

De formation commerciale ou marketing, vous avez une expérience professionnelle d'au moins 3 ans, idéalement au poste de chef de marché dans le B to B.

  

Vos qualités interpersonnelles seront un atout indispensable : communiquer efficacement tout en influençant positivement votre entourage sera déterminant. Si vous vous reconnaissez dans ces compétences recherchées, préparez\\-vous à relever ce défi captivant chez CGR et rejoignez l’équipe marketing marché d’Aurélie !


Vos avantages, les voici :

* Une rémunération fixe sur 13 mois
* Une prime de participation et d'intéressement
* Des jours de RTT
* Des titres restaurant
* Des chèque vacances
* Une mutuelle et prévoyance
* Une charte du télétravail
* Une équipe CSE qui met tout en œuvre pour une bonne cohésion


Notre annonce correspond à vos attentes, n’hésitez pas et postulez dès maintenant !


Pssst ! Nous recherchons avant tout des profils talentueux qui partagent notre vision et notre dynamisme. Si vous pensez convenir pour ce poste, partagez nous votre CV.


Qui sommes nous ?


Distributeur spécialisé en robinetterie et accessoires depuis plus de 40 ans, nous accompagnons les professionnels du Génie Climatique, du Logement et de l’Industrie dans la réussite de leurs projets.  

  

Pour ce faire, nous proposons une gamme élargie de solutions et de services associée à une logistique de pointe et à l’expertise de nos 300 collaborateurs.  

  

* Nos valeurs : Respect \\- Bien\\-être \\- Détermination \\- Innovation

  

En constante évolution pour satisfaire nos clients, nous recherchons de nouveaux talents passionnés et engagés qui souhaitent s’investir pour révolutionner durablement la distribution.  

  

***Prêt à rejoindre la Team CGR ?***","","https://www.glassdoor.fr/Overview/W-EI_IE4084363.htm","https://media.glassdoor.com/sql/4084363/cgr-squarelogo-1661326285041.png","","","","","","Chef de Projet","Reims, france"
"gd-1009375583047","glassdoor","https://www.glassdoor.fr/job-listing/j?jl=1009375583047","","Chef de Projet régional Amélioration Continue (H/F)","Mondial Relay","Reims","2024-11-25","","","","","","",False,"","","sponsored","","**Description de l'entreprise** **Entreprise du groupe InPost, nous sommes leader de la livraison hors domicile en Europe (et fiers de l’être).**

200 millions, c’est un paquet… de colis que nos 1 900 collaborateurs chouchoutent chaque année !
  

Plus écologique, plus proche, plus innovant, Mondial Relay donne le smile à ses clients, mais pas seulement.


Dans les coulisses, c’est la bonne ambiance qui mène la danse. Et que dire de notre projet d’entreprise ?
  

Challengeant, palpitant, porté par un collectif qui a le PEP'S.


Chez nous, chaque personne compte. Chaque idée est écoutée. Nous avons hâte d’entendre les vôtres !


**Choisissez un job qui cartonne : postulez, envoyez, souriez :\\-)**

 **Description du poste** **Votre terrain de jeu**


Dans un contexte de transformation et de croissance, rejoignez notre équipe Qualité et Excellence Opérationnelle en charge d'améliorer les processus opérationnels internes de l'entreprise dans une optique de Satisfaction Client et de maitrise des couts.


Au coeur des Directions Opération et Industrielle, en forte proximité avec les équipes opérationnelles basées sur les sites, vous apportez votre support et garantissez le déploiement des standards internes et ainsi contribuez à l'optimisation des structures, des flux et de la qualité sur votre périmètre.

**Vos missions principales**

* **Accompagner** les sites dans la mise en place et le suivi des standards et processus
	+ Être en charge des phases de cadrage, de cartographie, d'analyse, de recherche d'irritants ou points bloquants avec les équipes terrain.
	+ En lien avec les managers, définir les actions d'accompagnement et de test en vue d'améliorer l'existant. (Sécurité, qualité, délais et coûts)
	+ Participer à la rédaction et à l'installation de nouveaux modes opératoires
	+ Accompagner la croissance et le changement, en s'assurant de leur bonne compréhension
* **Soutenir** l'ouverture des nouveaux sites ou la mise en place de nouveaux processus en coordonnant les parties prenantes, en participant à l'optimisation de l'organisation des espaces de travail et des flux, et à la mise en œuvre des systèmes de pilotage
* **Apporter** votre support aux sites en difficulté le cas échéant au travers de diagnostics terrain et de plans d'actions.
* **Être** garant de la mise en place de standards d'excellence forts et s'assurer de leur appropriation et de la formation des équipes
* **Réaliser** les monitorings de suivi, visant à l'atteinte des objectifs définis, remonter et partager les résultats, les éventuels écarts ou nouvelles idées émergeant du terrain auprès de la hiérarchie, tout en étant force de proposition.
* **Développer** des outils et méthodes Lean adaptés au secteur autour de la culture de l'amélioration continue et de la recherche de la performance. Animer le programme Lean sur votre périmètre en coordonnant et coachant les ressources formées (Yellow ou Green belts).


SJ123

 **Qualifications**  

Conscient (e) que rien ne s'améliore sans une forte prise en compte de la réalité terrain et du besoin client, ingénieur ou avec une expérience métier réussie (Responsable Exploitation et/ou Amélioration Continue pendant 5 ans) vous ont permis de faire vos preuves à un poste similaire au sein d'un groupe industriel, de transport ou logistique.


Vous êtes animé(e) par une véritable culture de l'excellence et justifiez d'une bonne connaissance du Lean management (Gemba, 5S, VSM, SMED, Kaizen, Kanban, TRS, Management visuel, Standards...). Formation Green Belt ou équivalente.


Assuré (e) de vos 3 savoirs (Savoir être / Savoir\\-faire / Savoir\\-faire faire) vous vous appuyez sur votre pédagogie et intelligence de situation, sur votre faculté à résoudre des problèmes et adapter les méthodes selon les contextes ainsi que sur votre capacité à transmettre et mobiliser des groupes sans en avoir le rôle hiérarchique.


Vous êtes reconnu (e) pour votre leadership, votre rigueur et votre capacité de travail, que ce soit en chaussures de sécurité ou devant un ordinateur.


Niveau d'anglais minimum B2\\.

 **Informations supplémentaires**  

Déplacements réguliers à prévoir sur le périmètre régional.


Dans une ambiance de travail au top, vous allez être fier(e) de prendre part à notre projet d'entreprise.


Et si vous **rejoignez notre communauté de Relayeuses et Relayeurs**, vous pourrez bénéficier :

* d'une rémunération variable individuelle
* des primes de participation et d'intéressement
* d'un mode de travail collaboratif, basé sur l'autonomie et la responsabilité
* des opportunités d’évolution professionnelle tout au long de votre parcours

**Notre processus de recrutement :**

* Si votre CV est présélectionné, échange téléphonique avec l'équipe recrutement
* Si positif, entretien de recrutement avec votre futur(e) manager
* Possibilité d’avoir un 2e entretien avec le N\\+2 en fonction du poste
* Validation \\& intégration : welcome chez Mondial Relay !

*Dans le cadre de notre politique diversité et inclusion, nous garantissons le respect des règles de non\\-discrimination à l'embauche et nous nous engageons en faveur des publics éloignés de l'emploi.*","","https://www.glassdoor.fr/Overview/W-EI_IE1133944.htm","https://media.glassdoor.com/sql/1133944/mondial-relay-squareLogo-1662450314310.png","","","","","","Chef de Projet","Reims, france"
"gd-1009307253959","glassdoor","https://www.glassdoor.fr/job-listing/j?jl=1009307253959","","chef de projet bâtiments","Boisdron et Associés","Reims","2024-11-24","","direct_data","yearly",45000.0,60000.0,"EUR",False,"","","organic","","notre client est un groupe de premier plan de l'ingénierie éco constructive. présent en France et dans le monde nous recrutons :


Nous vous proposons d’intégrer une fonction clé et captivante dans un environnement solide et en pleine expansion au sein de notre agence de Reims en tant que chef de projet bâtiment F/H.


Description du poste :


Vous interviendrez essentiellement sur les projets de maîtrise d’œuvre bâtiment et participez, en étroite collaboration avec les Maîtres d’Ouvrage, architectes, entreprises aux phases d’études et de conception des projets qui vous seront confiés.


Dans le cadre de la réalisation des études techniques d’un projet, vos principales missions sont les suivantes :


* Déterminer les solutions techniques et maitriser les coûts dans votre spécialité.
* Produire pour chaque phase d’études les éléments techniques descriptifs et estimatifs et les notes de calcul de votre spécialité qui vous sont confiés prenant en compte les contraintes du projet.
* Etablir les principes de dimensionnement et d’implantation des ouvrages pour les dessinateurs et projeteurs.
* Contrôler les prestations fournies par les dessinateurs et projeteurs.
* Etablir les dossiers de consultation.
* Analyser les offres des entreprises et rédiger la partie du rapport d’analyse propre à votre spécialité.
* Effectuer le visa des plans EXE en phase réalisation.
* Contrôler la conformité aux règles de l’art et au marché des ouvrages de votre spécialité mis en œuvre, rédiger et diffuser les fiches de visite.
* Gérer les travaux modificatifs sur les plans techniques et financiers.
* Assister aux essais avant mise en service.

  

  

Diplôme d’ingénieur/master généraliste en bâtiment ou spécialisé génie électrique, génie thermique ou structure avec minimum 7 années d’expérience au sein d’un bureau d’études techniques.

  

  

Notre client propose :


* Salaire de base \\+ prime de vacances ;
* RTT et congés ;
* Tickets restaurant ;
* Mutuelle (non obligatoire) et prévoyance ;
* Participation / Intéressement ;
* Participation aux frais de transport en commun ;
* Support à la recherche d’un logement .


Qui sommes nous ?


BOISDRON \\& Associes compte parmi les cabinets de conseils en recrutements de cadres, experts et de dirigeants qui interviennent pour le compte de clients spécialisés dans l’Acte de Construire (ingénierie, entreprises, maîtrise d'ouvrages, industries BTP) en France et dans quelques régions du Monde.  

  

Bureaux : Nantes, Paris et Lyon  

  

www.boisdronetassocies.fr","","https://www.glassdoor.fr/Overview/W-EI_IE4544426.htm","https://media.glassdoor.com/sql/4544426/boisdron-and-associes-squarelogo-1622805646287.png","","","","","","Chef de Projet","Reims, france"